BaseDateTime,LAT,LON,SOG,COG,Heading,VesselName,IMO,CallSign,MMSI,VesselType
2017-08-10T00:04:39.000Z,28.70349167,48.461,1.613396932,215.8760939,83.91968073,DLB 1600,9876543,A6DLB1600,123456789,87
2017-08-10T00:49:33.000Z,28.70348333,48.46106167,1.720234938,301.309511,262.1774455,DLB 1600,9876543,A6DLB1600,123456789,87
2017-08-10T00:55:34.000Z,28.70348,48.46117833,1.668403892,328.2035421,307.835446,DLB 1600,9876543,A6DLB1600,123456789,87
2017-08-10T00:58:35.000Z,28.70351333,48.46116667,0.07265713534,312.9995097,109.0164101,DLB 1600,9876543,A6DLB1600,123456789,87
2017-08-10T01:04:33.000Z,28.70345833,48.46126167,1.220728541,65.41812053,12.60733136,DLB 1600,9876543,A6DLB1600,123456789,87
2017-08-10T01:16:37.000Z,28.70341167,48.46144667,1.912457188,148.0452652,182.2312777,DLB 1600,9876543,A6DLB1600,123456789,87
2017-08-10T01:22:38.000Z,28.70345667,48.461645,0.3813027105,304.2809208,343.3339132,DLB 1600,9876543,A6DLB1600,123456789,87
2017-08-10T02:40:40.000Z,28.70352833,48.462325,0.6365872201,95.98169116,71.86930336,DLB 1600,9876543,A6DLB1600,123456789,87
2017-08-10T02:46:41.000Z,28.70346,48.46234167,1.843369225,275.1508867,248.7509368,DLB 1600,9876543,A6DLB1600,123456789,87
2017-08-10T02:49:37.000Z,28.70340833,48.46247667,1.86843964,76.31569406,144.3020267,DLB 1600,9876543,A6DLB1600,123456789,87
2017-08-10T04:04:35.000Z,28.70335333,48.46300667,0.1267597945,135.1756133,2.495354169,DLB 1600,9876543,A6DLB1600,123456789,87
2017-08-10T04:34:41.000Z,28.7033,48.463165,1.991971242,46.14372127,203.4583862,DLB 1600,9876543,A6DLB1600,123456789,87
2017-08-10T04:37:43.000Z,28.70328833,48.46324667,0.5950831725,150.119594,291.8668518,DLB 1600,9876543,A6DLB1600,123456789,87
2017-08-10T04:49:34.000Z,28.70333167,48.46327667,1.927934208,233.0975908,26.9702432,DLB 1600,9876543,A6DLB1600,123456789,87
2017-08-10T04:52:35.000Z,28.703305,48.46333667,1.836532905,344.4280302,24.28769377,DLB 1600,9876543,A6DLB1600,123456789,87
2017-08-10T05:07:40.000Z,28.7033,48.463395,0.7856963754,313.7414449,215.3358453,DLB 1600,9876543,A6DLB1600,123456789,87
2017-08-10T05:13:38.000Z,28.703305,48.46347667,0.7393089612,211.6373835,355.0089657,DLB 1600,9876543,A6DLB1600,123456789,87
2017-08-10T06:25:38.000Z,28.703275,48.463985,1.96210227,103.8994798,317.5156997,DLB 1600,9876543,A6DLB1600,123456789,87
2017-08-10T06:43:35.000Z,28.70327,48.46411167,1.115064306,200.1882252,140.7611105,DLB 1600,9876543,A6DLB1600,123456789,87
2017-08-10T06:49:37.000Z,28.70328167,48.46411333,1.798070668,342.9372274,254.1034429,DLB 1600,9876543,A6DLB1600,123456789,87
2017-08-10T07:01:35.000Z,28.70320333,48.46427333,1.008841462,333.0789408,240.139042,DLB 1600,9876543,A6DLB1600,123456789,87
2017-08-10T07:07:39.000Z,28.703255,48.46433,0.35286998,300.1865158,112.8670328,DLB 1600,9876543,A6DLB1600,123456789,87
2017-08-10T08:22:40.000Z,28.703215,48.46520333,1.967126601,92.12735275,245.0535628,DLB 1600,9876543,A6DLB1600,123456789,87
2017-08-10T08:28:41.000Z,28.703215,48.46531167,0.3792784667,31.33952295,352.8395437,DLB 1600,9876543,A6DLB1600,123456789,87
2017-08-10T08:40:36.000Z,28.70323333,48.46532333,0.9866084533,138.3740273,347.9248338,DLB 1600,9876543,A6DLB1600,123456789,87
2017-08-10T09:55:36.000Z,28.70321833,48.46575667,0.1675185315,41.08668311,71.65758279,DLB 1600,9876543,A6DLB1600,123456789,87
2017-08-10T10:55:36.000Z,28.70318,48.465975,0.9175384522,61.36723823,167.6027642,DLB 1600,9876543,A6DLB1600,123456789,87
2017-08-10T11:01:38.000Z,28.70316667,48.46601833,0.365583022,210.142853,62.8906393,DLB 1600,9876543,A6DLB1600,123456789,87
2017-08-10T12:07:38.000Z,28.70315167,48.46608833,0.0921180836,26.31996811,232.9510377,DLB 1600,9876543,A6DLB1600,123456789,87
2017-08-10T12:10:38.000Z,28.70314667,48.46614,1.607310704,106.7063561,285.5334217,DLB 1600,9876543,A6DLB1600,123456789,87
2017-08-10T12:25:40.000Z,28.70318833,48.46636,0.3087209491,105.2481156,301.9935642,DLB 1600,9876543,A6DLB1600,123456789,87
2017-08-10T12:28:38.000Z,28.703165,48.46635333,0.5439941472,243.472754,318.8005302,DLB 1600,9876543,A6DLB1600,123456789,87
2017-08-10T12:40:36.000Z,28.703115,48.46655833,0.3985586455,47.45092463,100.3780754,DLB 1600,9876543,A6DLB1600,123456789,87
2017-08-10T12:43:37.000Z,28.70310667,48.46661667,0.14666433,232.3126523,311.1006954,DLB 1600,9876543,A6DLB1600,123456789,87
2017-08-10T13:04:39.000Z,28.70314667,48.46701667,0.2331446767,256.9506952,296.100237,DLB 1600,9876543,A6DLB1600,123456789,87
2017-08-10T13:10:38.000Z,28.70311,48.466995,0.1765685166,215.9620235,359.9934394,DLB 1600,9876543,A6DLB1600,123456789,87
2017-08-10T14:22:41.000Z,28.70305333,48.46785333,1.33280163,78.35934369,196.2846701,DLB 1600,9876543,A6DLB1600,123456789,87
2017-08-10T15:16:38.000Z,28.703105,48.46794333,0.3292026598,147.4961993,305.1509303,DLB 1600,9876543,A6DLB1600,123456789,87
2017-08-10T15:19:37.000Z,28.70304167,48.46802167,1.555523088,330.5172423,224.5403571,DLB 1600,9876543,A6DLB1600,123456789,87
2017-08-10T15:25:37.000Z,28.70304667,48.46807333,0.9018712054,90.46316477,130.433565,DLB 1600,9876543,A6DLB1600,123456789,87
2017-08-10T15:34:41.000Z,28.702995,48.46827667,0.5951078439,336.5026055,353.2743536,DLB 1600,9876543,A6DLB1600,123456789,87
2017-08-10T15:40:37.000Z,28.70299667,48.468255,1.55515007,85.44725055,325.0688828,DLB 1600,9876543,A6DLB1600,123456789,87
2017-08-10T15:46:37.000Z,28.703005,48.46835333,0.4105702294,306.7104901,170.0457557,DLB 1600,9876543,A6DLB1600,123456789,87
2017-08-10T15:58:37.000Z,28.70299833,48.46849667,0.1736669577,317.3444064,221.2044772,DLB 1600,9876543,A6DLB1600,123456789,87
2017-08-10T16:04:40.000Z,28.70300167,48.46863833,0.7793922045,257.6456814,113.67202,DLB 1600,9876543,A6DLB1600,123456789,87
2017-08-10T16:07:40.000Z,28.70298333,48.46864833,0.6814652722,249.8408072,213.2344705,DLB 1600,9876543,A6DLB1600,123456789,87
2017-08-10T16:10:37.000Z,28.70297333,48.46876833,1.558845028,98.40001687,336.512179,DLB 1600,9876543,A6DLB1600,123456789,87
2017-08-10T16:16:37.000Z,28.70297833,48.46881667,0.7978113276,297.6270669,149.6705963,DLB 1600,9876543,A6DLB1600,123456789,87
2017-08-10T16:19:42.000Z,28.70302,48.46888,1.57781207,97.69970883,79.80985472,DLB 1600,9876543,A6DLB1600,123456789,87
2017-08-10T16:43:46.000Z,28.70298,48.46924333,0.6045973202,293.9718525,324.5563756,DLB 1600,9876543,A6DLB1600,123456789,87
2017-08-10T16:49:44.000Z,28.70292833,48.469235,0.4080808394,158.581336,53.94314579,DLB 1600,9876543,A6DLB1600,123456789,87
2017-08-10T17:01:39.000Z,28.70294167,48.46949333,1.675048011,41.62454947,276.5792585,DLB 1600,9876543,A6DLB1600,123456789,87
2017-08-10T17:07:39.000Z,28.702915,48.46953333,0.1851054216,149.060211,218.7685325,DLB 1600,9876543,A6DLB1600,123456789,87
2017-08-10T18:22:41.000Z,28.70292167,48.470345,1.058372983,328.1437875,224.1148907,DLB 1600,9876543,A6DLB1600,123456789,87
2017-08-10T18:28:42.000Z,28.70286,48.47039833,0.4065081517,1.87633139,143.2382351,DLB 1600,9876543,A6DLB1600,123456789,87
2017-08-10T18:37:42.000Z,28.70286667,48.47060833,1.380879824,34.57649709,79.62162487,DLB 1600,9876543,A6DLB1600,123456789,87
2017-08-10T19:49:43.000Z,28.702785,48.47158833,1.429991031,118.9361939,107.103292,DLB 1600,9876543,A6DLB1600,123456789,87
2017-08-10T21:01:42.000Z,28.70278,48.47174167,1.977815623,252.5505442,127.8859987,DLB 1600,9876543,A6DLB1600,123456789,87
2017-08-10T21:25:44.000Z,28.702755,48.47183333,0.3013814409,316.7472084,299.0513923,DLB 1600,9876543,A6DLB1600,123456789,87
2017-08-10T21:31:39.000Z,28.70276667,48.47187,0.884484257,340.1377826,172.5816652,DLB 1600,9876543,A6DLB1600,123456789,87
2017-08-10T21:43:44.000Z,28.70273667,48.47206833,0.6221874167,216.6149674,20.57032581,DLB 1600,9876543,A6DLB1600,123456789,87
2017-08-10T21:49:44.000Z,28.70275667,48.47210333,1.890390247,65.00597324,60.19804946,DLB 1600,9876543,A6DLB1600,123456789,87
2017-08-10T23:04:40.000Z,28.70270333,48.4727,0.6779426033,33.64208275,282.5960213,DLB 1600,9876543,A6DLB1600,123456789,87
2017-08-10T23:16:44.000Z,28.702745,48.47291167,0.5402531401,224.8220395,91.72057854,DLB 1600,9876543,A6DLB1600,123456789,87
2017-08-10T23:22:40.000Z,28.70269833,48.47298167,1.579264458,197.154718,139.2942014,DLB 1600,9876543,A6DLB1600,123456789,87
2017-08-10T23:28:43.000Z,28.70270833,48.47304333,1.698620529,207.6938135,122.8253289,DLB 1600,9876543,A6DLB1600,123456789,87
2017-08-10T23:37:48.000Z,28.70266167,48.47318667,1.344428941,21.54765546,300.1708105,DLB 1600,9876543,A6DLB1600,123456789,87
2017-08-10T23:40:39.000Z,28.70268833,48.473175,0.5298961082,270.168755,125.9249832,DLB 1600,9876543,A6DLB1600,123456789,87
2017-08-10T23:43:41.000Z,28.70270333,48.47323333,0.8035215583,276.4228161,215.6547802,DLB 1600,9876543,A6DLB1600,123456789,87
2017-08-11T00:55:40.000Z,28.70262,48.47435,0.4697938931,176.5972004,345.4957445,DLB 1600,9876543,A6DLB1600,123456789,87
2017-08-11T01:16:40.000Z,28.70258333,48.47447,1.768550042,227.4972275,154.3325442,DLB 1600,9876543,A6DLB1600,123456789,87
2017-08-11T01:25:45.000Z,28.70261833,48.47474833,1.58531976,332.5473911,164.8223081,DLB 1600,9876543,A6DLB1600,123456789,87
2017-08-11T01:46:43.000Z,28.70257167,48.475005,1.853968326,33.23464753,64.84185064,DLB 1600,9876543,A6DLB1600,123456789,87
2017-08-11T01:58:43.000Z,28.70258167,48.475235,1.617951432,336.5482132,236.1656507,DLB 1600,9876543,A6DLB1600,123456789,87
2017-08-11T02:49:42.000Z,28.70252333,48.47556,0.07998590636,301.4384517,72.15681959,DLB 1600,9876543,A6DLB1600,123456789,87
2017-08-11T02:52:45.000Z,28.70260667,48.47559,0.4370143419,4.45100097,81.53840139,DLB 1600,9876543,A6DLB1600,123456789,87
2017-08-11T03:04:47.000Z,28.70250833,48.47569,0.9153212916,292.742053,291.3323928,DLB 1600,9876543,A6DLB1600,123456789,87
2017-08-11T03:10:47.000Z,28.702535,48.4758,1.879682166,165.166649,227.4739849,DLB 1600,9876543,A6DLB1600,123456789,87
2017-08-11T03:31:44.000Z,28.70249833,48.47609,1.608534243,270.096287,31.1470868,DLB 1600,9876543,A6DLB1600,123456789,87
2017-08-11T03:37:45.000Z,28.702495,48.47621333,1.810016945,78.27151477,171.4942561,DLB 1600,9876543,A6DLB1600,123456789,87
2017-08-11T04:46:45.000Z,28.7024,48.47700833,0.6373481257,330.4188813,141.1094486,DLB 1600,9876543,A6DLB1600,123456789,87
2017-08-11T04:52:42.000Z,28.70239667,48.47705667,1.854712042,22.13304117,96.40638026,DLB 1600,9876543,A6DLB1600,123456789,87
2017-08-11T05:13:40.000Z,28.70233667,48.47728167,1.718000346,86.64238869,284.6364136,DLB 1600,9876543,A6DLB1600,123456789,87
2017-08-11T05:19:41.000Z,28.70240833,48.47744833,0.496895993,66.11249476,191.821961,DLB 1600,9876543,A6DLB1600,123456789,87
2017-08-11T05:25:40.000Z,28.70237167,48.477595,1.392843603,19.75567433,120.9668054,DLB 1600,9876543,A6DLB1600,123456789,87
2017-08-11T05:31:43.000Z,28.7024,48.477535,1.755259975,131.7394028,236.3713285,DLB 1600,9876543,A6DLB1600,123456789,87
2017-08-11T05:40:48.000Z,28.702355,48.47763333,0.2522227397,273.3142904,235.9245923,DLB 1600,9876543,A6DLB1600,123456789,87
2017-08-11T05:43:44.000Z,28.70236667,48.47760167,1.222937573,67.39057749,118.0316996,DLB 1600,9876543,A6DLB1600,123456789,87
2017-08-11T06:58:41.000Z,28.70233,48.47790667,0.2858079664,308.1137739,129.663612,DLB 1600,9876543,A6DLB1600,123456789,87
2017-08-11T08:16:41.000Z,28.70236167,48.47797667,0.5559224555,163.1955433,275.1160309,DLB 1600,9876543,A6DLB1600,123456789,87
2017-08-11T08:19:45.000Z,28.702315,48.477915,1.433624334,69.02455871,136.6463655,DLB 1600,9876543,A6DLB1600,123456789,87
2017-08-11T08:25:44.000Z,28.70236167,48.47807667,1.375473567,323.7437998,70.07030516,DLB 1600,9876543,A6DLB1600,123456789,87
2017-08-11T08:37:46.000Z,28.70233667,48.47818,1.499079202,196.2763166,25.91843343,DLB 1600,9876543,A6DLB1600,123456789,87
2017-08-11T08:40:42.000Z,28.70234333,48.47834833,0.3810004614,299.8509997,203.7393419,DLB 1600,9876543,A6DLB1600,123456789,87
2017-08-11T08:46:46.000Z,28.70237833,48.47841167,1.624080105,94.59870894,65.39819374,DLB 1600,9876543,A6DLB1600,123456789,87
2017-08-11T08:49:42.000Z,28.70233667,48.47844667,1.875108859,308.4788749,330.7571507,DLB 1600,9876543,A6DLB1600,123456789,87
2017-08-11T10:01:42.000Z,28.70231,48.47845667,0.06761782733,237.3537057,196.5461518,DLB 1600,9876543,A6DLB1600,123456789,87
2017-08-11T11:07:46.000Z,28.70233,48.47858667,1.824182248,34.51443172,225.3514172,DLB 1600,9876543,A6DLB1600,123456789,87
2017-08-11T11:13:45.000Z,28.70236,48.47855833,1.370176058,48.26954067,64.71618664,DLB 1600,9876543,A6DLB1600,123456789,87
2017-08-11T12:28:44.000Z,28.70236,48.47882,0.3066927893,61.60873721,78.08561173,DLB 1600,9876543,A6DLB1600,123456789,87
2017-08-11T12:37:42.000Z,28.70233,48.47883,0.02025464915,272.8862583,341.2875727,DLB 1600,9876543,A6DLB1600,123456789,87
2017-08-11T12:43:47.000Z,28.70231,48.47890667,0.5553587104,238.4765461,94.44814014,DLB 1600,9876543,A6DLB1600,123456789,87
2017-08-11T13:04:48.000Z,28.7023,48.479055,1.156637381,196.8037903,331.8643991,DLB 1600,9876543,A6DLB1600,123456789,87
2017-08-11T13:07:42.000Z,28.70230167,48.47905167,1.413751552,149.0128699,327.5673162,DLB 1600,9876543,A6DLB1600,123456789,87
2017-08-11T13:19:44.000Z,28.7023,48.47916667,0.4624009612,144.7963608,317.5631331,DLB 1600,9876543,A6DLB1600,123456789,87
2017-08-11T13:22:47.000Z,28.70228167,48.47916,0.9527536756,80.92044143,129.1719706,DLB 1600,9876543,A6DLB1600,123456789,87
2017-08-11T13:40:44.000Z,28.702255,48.47940833,0.6176547159,347.3278907,18.14531714,DLB 1600,9876543,A6DLB1600,123456789,87
2017-08-11T13:46:46.000Z,28.70225333,48.47944167,0.004773985796,84.45885422,78.57383864,DLB 1600,9876543,A6DLB1600,123456789,87
2017-08-11T14:01:47.000Z,28.70228833,48.47960667,1.94439337,115.6292465,282.9993694,DLB 1600,9876543,A6DLB1600,123456789,87
2017-08-11T14:07:45.000Z,28.702255,48.47967667,0.840371968,56.16834183,261.2369711,DLB 1600,9876543,A6DLB1600,123456789,87
2017-08-11T14:37:47.000Z,28.70226333,48.48019833,1.990022643,244.5683327,337.4566729,DLB 1600,9876543,A6DLB1600,123456789,87
2017-08-11T14:43:43.000Z,28.70229667,48.48019833,0.142715795,182.0272933,187.5044059,DLB 1600,9876543,A6DLB1600,123456789,87
2017-08-11T14:49:47.000Z,28.70221333,48.48019167,0.09422438488,298.6656118,209.7110369,DLB 1600,9876543,A6DLB1600,123456789,87
2017-08-11T14:52:47.000Z,28.702215,48.480325,1.303450921,261.3406859,344.8618474,DLB 1600,9876543,A6DLB1600,123456789,87
2017-08-11T15:19:47.000Z,28.70218167,48.480605,0.940045778,117.1792969,0.6580788717,DLB 1600,9876543,A6DLB1600,123456789,87
2017-08-11T15:25:49.000Z,28.70215667,48.48069,1.265369195,275.6558239,155.2249135,DLB 1600,9876543,A6DLB1600,123456789,87
2017-08-11T15:55:45.000Z,28.70213167,48.48108167,0.09157293308,351.1122052,167.5289264,DLB 1600,9876543,A6DLB1600,123456789,87
2017-08-11T16:01:46.000Z,28.702155,48.48111167,1.144909543,321.5170943,302.7999712,DLB 1600,9876543,A6DLB1600,123456789,87
2017-08-11T17:16:45.000Z,28.70210667,48.48206333,1.737105116,289.9803284,300.4601229,DLB 1600,9876543,A6DLB1600,123456789,87
2017-08-11T17:34:49.000Z,28.70209833,48.48242667,0.3297347557,104.7010905,50.52261903,DLB 1600,9876543,A6DLB1600,123456789,87
2017-08-11T17:40:47.000Z,28.70211333,48.482455,0.6647429584,307.0815709,68.38799325,DLB 1600,9876543,A6DLB1600,123456789,87
2017-08-11T17:43:50.000Z,28.70206333,48.48257833,1.290984534,286.0365964,150.0313304,DLB 1600,9876543,A6DLB1600,123456789,87
2017-08-11T17:46:48.000Z,28.70205333,48.48261167,1.258974639,223.1465366,220.0606051,DLB 1600,9876543,A6DLB1600,123456789,87
2017-08-11T17:52:49.000Z,28.70199833,48.48270167,0.8972607862,347.7339032,288.3877407,DLB 1600,9876543,A6DLB1600,123456789,87
2017-08-11T17:55:48.000Z,28.70195667,48.482695,1.681037665,77.53229954,189.1156376,DLB 1600,9876543,A6DLB1600,123456789,87
2017-08-11T17:58:50.000Z,28.70199,48.48271333,0.5845605495,56.50701355,196.76272,DLB 1600,9876543,A6DLB1600,123456789,87
2017-08-11T18:04:49.000Z,28.70199833,48.48277667,0.4319287679,76.66492462,276.5719652,DLB 1600,9876543,A6DLB1600,123456789,87
2017-08-11T19:16:45.000Z,28.702035,48.48315333,1.224487851,332.6347147,242.7997916,DLB 1600,9876543,A6DLB1600,123456789,87
2017-08-11T20:28:47.000Z,28.70200667,48.48325,1.076384758,179.1558711,275.2455598,DLB 1600,9876543,A6DLB1600,123456789,87
2017-08-11T21:13:50.000Z,28.702005,48.48324333,0.1495019526,155.2244456,344.8034621,DLB 1600,9876543,A6DLB1600,123456789,87
2017-08-11T21:19:49.000Z,28.70201667,48.48328833,0.7692386097,308.8296592,170.4612244,DLB 1600,9876543,A6DLB1600,123456789,87
2017-08-11T22:01:51.000Z,28.70189833,48.48352667,0.3969346757,110.6888504,105.7153237,DLB 1600,9876543,A6DLB1600,123456789,87
2017-08-11T22:07:53.000Z,28.70194167,48.48355667,0.5002637658,228.19226,213.9608367,DLB 1600,9876543,A6DLB1600,123456789,87
2017-08-11T23:22:46.000Z,28.70189167,48.484695,0.9055890128,224.7242711,173.3691522,DLB 1600,9876543,A6DLB1600,123456789,87
2017-08-12T00:34:51.000Z,28.70167833,48.48554833,1.675588191,10.03409431,191.5039778,DLB 1600,9876543,A6DLB1600,123456789,87
2017-08-12T00:37:46.000Z,28.70166833,48.48556167,0.3282938259,44.63593028,204.1952948,DLB 1600,9876543,A6DLB1600,123456789,87
2017-08-12T00:40:52.000Z,28.701675,48.485675,0.2073149927,101.6732469,23.90913494,DLB 1600,9876543,A6DLB1600,123456789,87
2017-08-12T00:46:48.000Z,28.70163333,48.485735,0.429112098,155.1411557,29.53371366,DLB 1600,9876543,A6DLB1600,123456789,87
2017-08-12T00:52:49.000Z,28.70164333,48.48581667,1.816519294,245.1241645,70.83762365,DLB 1600,9876543,A6DLB1600,123456789,87
2017-08-12T01:13:47.000Z,28.70162667,48.48595333,1.986406475,151.128185,153.5085922,DLB 1600,9876543,A6DLB1600,123456789,87
2017-08-12T01:16:46.000Z,28.701605,48.48613,0.5709937193,177.6310724,286.2575433,DLB 1600,9876543,A6DLB1600,123456789,87
2017-08-12T01:22:47.000Z,28.70163167,48.48615667,1.049049335,251.3024804,158.9408552,DLB 1600,9876543,A6DLB1600,123456789,87
2017-08-12T01:31:50.000Z,28.70159667,48.48630667,1.278751036,48.27118307,351.9908439,DLB 1600,9876543,A6DLB1600,123456789,87
2017-08-12T02:46:48.000Z,28.701505,48.48694833,0.3378733603,171.2895606,322.6001235,DLB 1600,9876543,A6DLB1600,123456789,87
2017-08-12T04:01:51.000Z,28.70124833,48.48802333,0.5857955149,97.69310528,216.1328674,DLB 1600,9876543,A6DLB1600,123456789,87
2017-08-12T05:16:48.000Z,28.70109667,48.48860833,0.1076022551,26.94571281,184.3938469,DLB 1600,9876543,A6DLB1600,123456789,87
2017-08-12T06:07:50.000Z,28.70113833,48.48866833,1.962498487,201.9839814,12.942091,DLB 1600,9876543,A6DLB1600,123456789,87
2017-08-12T06:16:47.000Z,28.70110833,48.488825,1.485778664,108.7660245,20.89303655,DLB 1600,9876543,A6DLB1600,123456789,87
2017-08-12T07:04:47.000Z,28.701015,48.48910167,0.5828864687,288.3745638,306.2088944,DLB 1600,9876543,A6DLB1600,123456789,87
2017-08-12T07:13:51.000Z,28.70100833,48.48921833,1.913090372,62.3696498,207.496172,DLB 1600,9876543,A6DLB1600,123456789,87
2017-08-12T07:19:51.000Z,28.70104167,48.48912833,0.3957801029,309.6852967,195.2692582,DLB 1600,9876543,A6DLB1600,123456789,87
2017-08-12T07:25:51.000Z,28.70093333,48.48930667,1.962912137,181.8140126,336.0738793,DLB 1600,9876543,A6DLB1600,123456789,87
2017-08-12T07:49:52.000Z,28.70092333,48.48973667,1.801084757,34.68305842,146.9471129,DLB 1600,9876543,A6DLB1600,123456789,87
2017-08-12T08:04:54.000Z,28.70090167,48.489795,0.2686044179,331.6168737,81.1068303,DLB 1600,9876543,A6DLB1600,123456789,87
2017-08-12T08:10:54.000Z,28.70087833,48.48995667,1.812125936,105.3993052,20.74912861,DLB 1600,9876543,A6DLB1600,123456789,87
2017-08-12T08:16:56.000Z,28.70086667,48.48999167,1.813324322,58.06747375,160.5376116,DLB 1600,9876543,A6DLB1600,123456789,87
2017-08-12T09:31:55.000Z,28.70066833,48.49119,1.258682406,340.6455227,45.38023187,DLB 1600,9876543,A6DLB1600,123456789,87
2017-08-12T10:16:53.000Z,28.70059833,48.49171833,0.9247040871,186.0341266,85.97036054,DLB 1600,9876543,A6DLB1600,123456789,87
2017-08-12T10:22:53.000Z,28.70059333,48.49181667,1.830253085,51.93349929,325.586521,DLB 1600,9876543,A6DLB1600,123456789,87
2017-08-12T11:37:49.000Z,28.70041667,48.49307,1.743027265,120.5659642,111.553607,DLB 1600,9876543,A6DLB1600,123456789,87
2017-08-12T12:19:51.000Z,28.70036167,48.49356333,1.178668399,75.21538912,284.8748949,DLB 1600,9876543,A6DLB1600,123456789,87
2017-08-12T12:22:54.000Z,28.70028667,48.49353333,0.9493014994,243.79996,228.8218416,DLB 1600,9876543,A6DLB1600,123456789,87
2017-08-12T12:34:52.000Z,28.70028667,48.49363667,0.3758925853,351.7609511,233.0568903,DLB 1600,9876543,A6DLB1600,123456789,87
2017-08-12T12:40:52.000Z,28.700165,48.49373833,0.7475052441,330.9119141,351.1204254,DLB 1600,9876543,A6DLB1600,123456789,87
2017-08-12T13:52:54.000Z,28.70014667,48.49449333,1.359662617,306.0300052,180.170606,DLB 1600,9876543,A6DLB1600,123456789,87
2017-08-12T15:04:59.000Z,28.69993333,48.49564,1.541701579,121.8440417,354.4387392,DLB 1600,9876543,A6DLB1600,123456789,87
2017-08-12T16:16:54.000Z,28.69977667,48.496825,1.472421322,102.7946712,276.1324225,DLB 1600,9876543,A6DLB1600,123456789,87
2017-08-12T17:31:54.000Z,28.69957167,48.49793833,0.6673116527,260.789267,260.3008725,DLB 1600,9876543,A6DLB1600,123456789,87
2017-08-12T18:07:52.000Z,28.69948,48.498535,1.052864489,56.45925603,12.14891106,DLB 1600,9876543,A6DLB1600,123456789,87
2017-08-12T18:13:51.000Z,28.69945833,48.49854667,1.55022709,60.50840834,187.733534,DLB 1600,9876543,A6DLB1600,123456789,87
2017-08-12T18:31:54.000Z,28.69946167,48.49893167,1.525457638,132.5571514,314.3763808,DLB 1600,9876543,A6DLB1600,123456789,87
2017-08-12T18:43:54.000Z,28.69939833,48.49913,1.559304731,101.4525802,18.70182804,DLB 1600,9876543,A6DLB1600,123456789,87
2017-08-12T19:07:55.000Z,28.69937333,48.49939833,1.238447772,103.5372676,3.441087738,DLB 1600,9876543,A6DLB1600,123456789,87
2017-08-12T19:13:55.000Z,28.699335,48.49956667,1.923581657,47.53437645,32.62440543,DLB 1600,9876543,A6DLB1600,123456789,87
2017-08-12T20:25:57.000Z,28.699155,48.50064167,0.9369253102,39.43744816,273.5586464,DLB 1600,9876543,A6DLB1600,123456789,87
2017-08-12T21:40:56.000Z,28.699,48.50116667,1.886642755,175.7683942,16.32396826,DLB 1600,9876543,A6DLB1600,123456789,87
2017-08-12T22:01:56.000Z,28.698995,48.501385,0.846516052,194.6501983,258.7976472,DLB 1600,9876543,A6DLB1600,123456789,87
2017-08-12T22:04:54.000Z,28.69901833,48.50136833,1.718095733,309.4723884,268.532162,DLB 1600,9876543,A6DLB1600,123456789,87
2017-08-12T22:16:55.000Z,28.698935,48.50161333,1.98314643,254.1034362,256.7419726,DLB 1600,9876543,A6DLB1600,123456789,87
2017-08-12T22:19:57.000Z,28.69895333,48.50162,1.040245455,346.7040025,327.6873761,DLB 1600,9876543,A6DLB1600,123456789,87
2017-08-12T22:22:56.000Z,28.69901167,48.501675,0.2743152971,325.6311484,221.5831598,DLB 1600,9876543,A6DLB1600,123456789,87
2017-08-12T22:28:58.000Z,28.698965,48.50171667,0.04802847153,97.26351949,26.71368642,DLB 1600,9876543,A6DLB1600,123456789,87
2017-08-12T23:07:52.000Z,28.698815,48.50252,0.6423473927,85.21039446,64.82613852,DLB 1600,9876543,A6DLB1600,123456789,87
2017-08-12T23:16:55.000Z,28.69876333,48.50280667,0.6873089306,156.0990585,14.31686625,DLB 1600,9876543,A6DLB1600,123456789,87
2017-08-12T23:40:58.000Z,28.69871167,48.50323333,0.9648437732,131.7360828,312.6406668,DLB 1600,9876543,A6DLB1600,123456789,87
2017-08-12T23:46:52.000Z,28.69870167,48.50329333,1.819543869,149.2560499,80.62003753,DLB 1600,9876543,A6DLB1600,123456789,87
2017-08-13T01:07:57.000Z,28.69842,48.504685,0.8652851818,188.0043647,42.46177847,DLB 1600,9876543,A6DLB1600,123456789,87
2017-08-13T02:22:57.000Z,28.69831167,48.50589833,0.1625600107,270.120986,57.96817272,DLB 1600,9876543,A6DLB1600,123456789,87
2017-08-13T02:55:58.000Z,28.698175,48.50647833,0.7537194787,300.8477094,277.7093675,DLB 1600,9876543,A6DLB1600,123456789,87
2017-08-13T02:58:53.000Z,28.698145,48.50646,1.749297153,130.5488894,296.5631424,DLB 1600,9876543,A6DLB1600,123456789,87
2017-08-13T04:13:53.000Z,28.69801667,48.507745,0.2394663146,208.2223795,286.2013167,DLB 1600,9876543,A6DLB1600,123456789,87
2017-08-13T04:31:57.000Z,28.69791,48.50809833,0.5220925069,152.996165,213.8662723,DLB 1600,9876543,A6DLB1600,123456789,87
2017-08-13T04:37:58.000Z,28.697965,48.508165,0.9894088794,119.2398065,350.977548,DLB 1600,9876543,A6DLB1600,123456789,87
2017-08-13T05:52:57.000Z,28.69771167,48.50930667,0.9974138916,306.8615903,169.5672236,DLB 1600,9876543,A6DLB1600,123456789,87
2017-08-13T06:01:58.000Z,28.69773333,48.50963167,1.749679306,67.69508709,179.1396559,DLB 1600,9876543,A6DLB1600,123456789,87
2017-08-13T06:07:54.000Z,28.69774833,48.50973667,1.827773052,293.5030996,68.9744028,DLB 1600,9876543,A6DLB1600,123456789,87
2017-08-13T07:19:56.000Z,28.697495,48.510625,0.8856985108,138.3149768,150.595741,DLB 1600,9876543,A6DLB1600,123456789,87
2017-08-13T07:25:56.000Z,28.69749667,48.51064,0.1259757553,64.7543111,344.9437583,DLB 1600,9876543,A6DLB1600,123456789,87
2017-08-13T07:31:56.000Z,28.69749667,48.51076667,1.338506738,297.2171791,21.82709549,DLB 1600,9876543,A6DLB1600,123456789,87
2017-08-13T07:43:57.000Z,28.69747167,48.510995,0.5768066654,236.1260741,167.9060178,DLB 1600,9876543,A6DLB1600,123456789,87
2017-08-13T07:49:57.000Z,28.69756,48.51101333,1.956127286,248.3555472,295.3507507,DLB 1600,9876543,A6DLB1600,123456789,87
2017-08-13T09:04:59.000Z,28.69733667,48.51213333,1.020224106,147.9378497,270.1499041,DLB 1600,9876543,A6DLB1600,123456789,87
2017-08-13T09:10:57.000Z,28.69729,48.51217,0.7633850098,199.7923654,198.7495128,DLB 1600,9876543,A6DLB1600,123456789,87
2017-08-13T09:16:59.000Z,28.69729,48.512185,1.497598275,314.1687984,18.69510094,DLB 1600,9876543,A6DLB1600,123456789,87
2017-08-13T10:40:59.000Z,28.69700833,48.51384167,1.021379168,298.9247763,263.6763396,DLB 1600,9876543,A6DLB1600,123456789,87
2017-08-13T10:49:54.000Z,28.69695167,48.514,1.479011766,43.24265326,177.7185422,DLB 1600,9876543,A6DLB1600,123456789,87
2017-08-13T10:52:00.000Z,28.69696833,48.51405333,0.1774723206,134.7518167,250.066472,DLB 1600,9876543,A6DLB1600,123456789,87
2017-08-13T11:43:56.000Z,28.69696667,48.51418667,0.0952498519,95.49572867,166.9524218,DLB 1600,9876543,A6DLB1600,123456789,87
2017-08-13T11:49:59.000Z,28.69699833,48.51429833,0.7183388824,240.2805293,212.5529948,DLB 1600,9876543,A6DLB1600,123456789,87
2017-08-13T12:10:59.000Z,28.69688667,48.51468167,0.3712794731,251.4398019,271.1769089,DLB 1600,9876543,A6DLB1600,123456789,87
2017-08-13T12:16:55.000Z,28.69686667,48.51473333,0.7906043696,4.691955139,8.684075211,DLB 1600,9876543,A6DLB1600,123456789,87
2017-08-13T13:29:00.000Z,28.69673667,48.51549833,1.728724158,133.000425,111.4325501,DLB 1600,9876543,A6DLB1600,123456789,87
2017-08-13T14:43:57.000Z,28.69648333,48.51685833,0.3008460692,153.8965372,198.8109229,DLB 1600,9876543,A6DLB1600,123456789,87
2017-08-13T14:55:58.000Z,28.69650333,48.51714167,0.0456049846,213.7819643,285.0948377,DLB 1600,9876543,A6DLB1600,123456789,87
2017-08-13T15:10:00.000Z,28.69642833,48.51735333,1.16398836,58.83553116,140.2810562,DLB 1600,9876543,A6DLB1600,123456789,87
2017-08-13T15:43:57.000Z,28.69631833,48.51799,0.5017748734,117.882906,100.3900433,DLB 1600,9876543,A6DLB1600,123456789,87
2017-08-13T15:47:01.000Z,28.69636333,48.51798333,0.3076831278,146.8240977,82.10012356,DLB 1600,9876543,A6DLB1600,123456789,87
2017-08-13T15:49:58.000Z,28.69632167,48.5181,1.318479468,226.1157062,194.9740683,DLB 1600,9876543,A6DLB1600,123456789,87
2017-08-13T15:55:59.000Z,28.69627333,48.51816,0.06956399715,211.9530084,53.13077452,DLB 1600,9876543,A6DLB1600,123456789,87
2017-08-13T17:08:02.000Z,28.69612167,48.51959667,1.277388585,285.1835255,262.1925492,DLB 1600,9876543,A6DLB1600,123456789,87
2017-08-13T17:11:02.000Z,28.69609167,48.51964167,1.50445145,170.6224181,140.7857212,DLB 1600,9876543,A6DLB1600,123456789,87
2017-08-13T17:16:00.000Z,28.696065,48.51976833,0.5043159323,287.3683433,193.5846129,DLB 1600,9876543,A6DLB1600,123456789,87
2017-08-13T18:26:04.000Z,28.69591,48.52108,1.404044497,354.595506,316.4998108,DLB 1600,9876543,A6DLB1600,123456789,87
2017-08-13T19:41:01.000Z,28.69564667,48.52239833,1.008379089,14.36504539,81.27437049,DLB 1600,9876543,A6DLB1600,123456789,87
2017-08-13T20:05:00.000Z,28.69549,48.522875,0.8824049801,251.6258693,63.95824703,DLB 1600,9876543,A6DLB1600,123456789,87
2017-08-13T20:11:01.000Z,28.69555833,48.52297667,0.3748149364,62.96452977,343.896725,DLB 1600,9876543,A6DLB1600,123456789,87
2017-08-13T21:23:01.000Z,28.695355,48.524085,1.844758275,358.8555261,250.8473011,DLB 1600,9876543,A6DLB1600,123456789,87
2017-08-13T21:52:00.000Z,28.69525,48.52453,1.579182859,343.9973555,276.7090515,DLB 1600,9876543,A6DLB1600,123456789,87
2017-08-13T22:11:02.000Z,28.69522833,48.52486,1.894749329,149.8151552,11.10954712,DLB 1600,9876543,A6DLB1600,123456789,87
2017-08-13T22:17:00.000Z,28.69526167,48.52491667,0.05729008732,163.9647255,303.6055706,DLB 1600,9876543,A6DLB1600,123456789,87
2017-08-13T22:22:58.000Z,28.69523833,48.52502333,0.71164416,31.9800799,273.2302055,DLB 1600,9876543,A6DLB1600,123456789,87
2017-08-13T22:53:03.000Z,28.695155,48.52562333,0.6570194824,114.5539534,100.7831792,DLB 1600,9876543,A6DLB1600,123456789,87
2017-08-13T23:02:02.000Z,28.69506667,48.52569833,1.46546619,45.31507981,295.9826133,DLB 1600,9876543,A6DLB1600,123456789,87
2017-08-13T23:17:05.000Z,28.69497333,48.52608333,0.7257801612,154.5512662,124.670458,DLB 1600,9876543,A6DLB1600,123456789,87
2017-08-13T23:29:04.000Z,28.694985,48.52619,0.8801093921,152.0256638,229.3614077,DLB 1600,9876543,A6DLB1600,123456789,87
2017-08-13T23:41:00.000Z,28.69499667,48.526415,1.423119271,12.67345761,38.23888162,DLB 1600,9876543,A6DLB1600,123456789,87
2017-08-13T23:47:03.000Z,28.69500833,48.52649333,1.895148753,160.6283506,115.3687965,DLB 1600,9876543,A6DLB1600,123456789,87
2017-08-14T00:50:03.000Z,28.69486167,48.52706667,1.695528405,105.2373223,349.3827905,DLB 1600,9876543,A6DLB1600,123456789,87
2017-08-14T00:55:59.000Z,28.69485,48.527175,1.670213662,132.5815539,287.322767,DLB 1600,9876543,A6DLB1600,123456789,87
2017-08-14T02:11:03.000Z,28.69462,48.52836833,1.433397335,208.1275101,147.1063857,DLB 1600,9876543,A6DLB1600,123456789,87
2017-08-14T02:23:01.000Z,28.69457167,48.52852667,1.613396932,215.8760939,83.91968073,DLB 1600,9876543,A6DLB1600,123456789,87
2017-08-14T02:26:02.000Z,28.694635,48.52862167,1.720234938,301.309511,262.1774455,DLB 1600,9876543,A6DLB1600,123456789,87
2017-08-14T03:41:02.000Z,28.69441833,48.52979833,1.668403892,328.2035421,307.835446,DLB 1600,9876543,A6DLB1600,123456789,87
2017-08-14T04:56:04.000Z,28.694205,48.53110667,0.07265713534,312.9995097,109.0164101,DLB 1600,9876543,A6DLB1600,123456789,87
2017-08-14T05:17:06.000Z,28.69414833,48.53147667,1.220728541,65.41812053,12.60733136,DLB 1600,9876543,A6DLB1600,123456789,87
2017-08-14T05:22:59.000Z,28.69411667,48.53155167,1.912457188,148.0452652,182.2312777,DLB 1600,9876543,A6DLB1600,123456789,87
2017-08-14T06:38:02.000Z,28.69391667,48.532715,0.3813027105,304.2809208,343.3339132,DLB 1600,9876543,A6DLB1600,123456789,87
2017-08-14T06:47:04.000Z,28.693925,48.53298833,0.6365872201,95.98169116,71.86930336,DLB 1600,9876543,A6DLB1600,123456789,87
2017-08-14T06:53:00.000Z,28.69390667,48.53300167,1.843369225,275.1508867,248.7509368,DLB 1600,9876543,A6DLB1600,123456789,87
2017-08-14T08:05:01.000Z,28.69375667,48.533955,1.86843964,76.31569406,144.3020267,DLB 1600,9876543,A6DLB1600,123456789,87
2017-08-14T08:17:05.000Z,28.69376167,48.534165,0.1267597945,135.1756133,2.495354169,DLB 1600,9876543,A6DLB1600,123456789,87
2017-08-14T08:20:01.000Z,28.69372833,48.53424833,1.991971242,46.14372127,203.4583862,DLB 1600,9876543,A6DLB1600,123456789,87
2017-08-14T09:38:06.000Z,28.69352667,48.53544333,0.5950831725,150.119594,291.8668518,DLB 1600,9876543,A6DLB1600,123456789,87
2017-08-14T10:11:00.000Z,28.69348,48.53587,1.927934208,233.0975908,26.9702432,DLB 1600,9876543,A6DLB1600,123456789,87
2017-08-14T10:14:06.000Z,28.69346833,48.53591667,1.836532905,344.4280302,24.28769377,DLB 1600,9876543,A6DLB1600,123456789,87
2017-08-14T10:17:06.000Z,28.69342667,48.53594333,0.7856963754,313.7414449,215.3358453,DLB 1600,9876543,A6DLB1600,123456789,87
2017-08-14T10:20:04.000Z,28.69340667,48.53605833,0.7393089612,211.6373835,355.0089657,DLB 1600,9876543,A6DLB1600,123456789,87
2017-08-14T10:32:04.000Z,28.69341333,48.53627833,1.96210227,103.8994798,317.5156997,DLB 1600,9876543,A6DLB1600,123456789,87
2017-08-14T10:35:07.000Z,28.69336833,48.53628333,1.115064306,200.1882252,140.7611105,DLB 1600,9876543,A6DLB1600,123456789,87
2017-08-14T11:11:10.000Z,28.69332833,48.53647,1.798070668,342.9372274,254.1034429,DLB 1600,9876543,A6DLB1600,123456789,87
2017-08-14T11:20:01.000Z,28.69333333,48.53666333,1.008841462,333.0789408,240.139042,DLB 1600,9876543,A6DLB1600,123456789,87
2017-08-14T11:26:04.000Z,28.69334667,48.536725,0.35286998,300.1865158,112.8670328,DLB 1600,9876543,A6DLB1600,123456789,87
2017-08-14T11:32:05.000Z,28.69329333,48.53679333,1.967126601,92.12735275,245.0535628,DLB 1600,9876543,A6DLB1600,123456789,87
2017-08-14T12:47:07.000Z,28.69309333,48.53788833,0.3792784667,31.33952295,352.8395437,DLB 1600,9876543,A6DLB1600,123456789,87
2017-08-14T12:50:06.000Z,28.693125,48.53789667,0.9866084533,138.3740273,347.9248338,DLB 1600,9876543,A6DLB1600,123456789,87
2017-08-14T12:56:02.000Z,28.69311167,48.538005,0.1675185315,41.08668311,71.65758279,DLB 1600,9876543,A6DLB1600,123456789,87
2017-08-14T12:59:06.000Z,28.69311167,48.53807833,0.9175384522,61.36723823,167.6027642,DLB 1600,9876543,A6DLB1600,123456789,87
2017-08-14T13:05:06.000Z,28.69311833,48.53806667,0.365583022,215.8760939,62.8906393,DLB 1600,9876543,A6DLB1600,123456789,87
2017-08-14T13:11:05.000Z,28.693025,48.538205,0.0921180836,301.309511,232.9510377,DLB 1600,9876543,A6DLB1600,123456789,87
2017-08-14T13:17:07.000Z,28.69309333,48.53824167,1.607310704,328.2035421,285.5334217,DLB 1600,9876543,A6DLB1600,123456789,87
2017-08-14T13:50:06.000Z,28.69304833,48.53837,0.3087209491,312.9995097,301.9935642,DLB 1600,9876543,A6DLB1600,123456789,87
2017-08-14T13:53:03.000Z,28.69304,48.538365,0.5439941472,65.41812053,318.8005302,DLB 1600,9876543,A6DLB1600,123456789,87
2017-08-14T13:56:05.000Z,28.69299667,48.538435,0.3985586455,148.0452652,100.3780754,DLB 1600,9876543,A6DLB1600,123456789,87
2017-08-14T14:02:07.000Z,28.693015,48.5385,0.14666433,304.2809208,311.1006954,DLB 1600,9876543,A6DLB1600,123456789,87
2017-08-14T14:11:06.000Z,28.69301,48.53874833,1.613396932,95.98169116,296.100237,DLB 1600,9876543,A6DLB1600,123456789,87
2017-08-14T14:17:07.000Z,28.69300833,48.53874333,1.720234938,275.1508867,359.9934394,DLB 1600,9876543,A6DLB1600,123456789,87
2017-08-14T14:20:07.000Z,28.69298,48.5388,1.668403892,76.31569406,196.2846701,DLB 1600,9876543,A6DLB1600,123456789,87
2017-08-14T14:23:02.000Z,28.69299833,48.53888833,0.07265713534,135.1756133,305.1509303,DLB 1600,9876543,A6DLB1600,123456789,87
2017-08-14T14:26:07.000Z,28.693015,48.5389,1.220728541,46.14372127,224.5403571,DLB 1600,9876543,A6DLB1600,123456789,87
2017-08-14T14:32:02.000Z,28.69296167,48.538975,1.912457188,150.119594,130.433565,DLB 1600,9876543,A6DLB1600,123456789,87
2017-08-14T14:35:07.000Z,28.69298,48.53911667,0.3813027105,233.0975908,353.2743536,DLB 1600,9876543,A6DLB1600,123456789,87
2017-08-14T14:38:04.000Z,28.692955,48.53909667,0.6365872201,344.4280302,325.0688828,DLB 1600,9876543,A6DLB1600,123456789,87
2017-08-14T14:41:08.000Z,28.69292167,48.53916833,1.843369225,313.7414449,170.0457557,DLB 1600,9876543,A6DLB1600,123456789,87
2017-08-14T14:47:02.000Z,28.69291833,48.53927333,1.86843964,211.6373835,221.2044772,DLB 1600,9876543,A6DLB1600,123456789,87
2017-08-14T15:59:06.000Z,28.69267167,48.54057333,0.1267597945,103.8994798,113.67202,DLB 1600,9876543,A6DLB1600,123456789,87
2017-08-14T17:11:05.000Z,28.692485,48.54182167,1.991971242,200.1882252,213.2344705,DLB 1600,9876543,A6DLB1600,123456789,87
2017-08-14T18:23:06.000Z,28.69233167,48.54300833,0.5950831725,342.9372274,336.512179,DLB 1600,9876543,A6DLB1600,123456789,87
2017-08-14T18:26:05.000Z,28.692245,48.54314,1.927934208,333.0789408,149.6705963,DLB 1600,9876543,A6DLB1600,123456789,87
2017-08-14T18:29:04.000Z,28.69225667,48.54320333,1.836532905,300.1865158,79.80985472,DLB 1600,9876543,A6DLB1600,123456789,87
2017-08-14T18:32:03.000Z,28.69225,48.543335,0.7856963754,92.12735275,324.5563756,DLB 1600,9876543,A6DLB1600,123456789,87
2017-08-14T18:35:05.000Z,28.69223333,48.54329667,0.7393089612,31.33952295,53.94314579,DLB 1600,9876543,A6DLB1600,123456789,87
2017-08-14T18:44:05.000Z,28.69219,48.54338833,1.96210227,138.3740273,276.5792585,DLB 1600,9876543,A6DLB1600,123456789,87
2017-08-14T18:47:06.000Z,28.69223,48.54354,1.115064306,41.08668311,218.7685325,DLB 1600,9876543,A6DLB1600,123456789,87
2017-08-14T20:05:03.000Z,28.69205167,48.54452,1.798070668,61.36723823,224.1148907,DLB 1600,9876543,A6DLB1600,123456789,87
2017-08-14T21:20:07.000Z,28.69188333,48.54537167,1.008841462,215.8760939,143.2382351,DLB 1600,9876543,A6DLB1600,123456789,87
2017-08-14T21:26:08.000Z,28.69188,48.545465,0.35286998,301.309511,79.62162487,DLB 1600,9876543,A6DLB1600,123456789,87
2017-08-14T21:32:07.000Z,28.69194333,48.54551833,1.967126601,328.2035421,107.103292,DLB 1600,9876543,A6DLB1600,123456789,87
2017-08-14T22:41:07.000Z,28.69183,48.54557667,0.3792784667,312.9995097,127.8859987,DLB 1600,9876543,A6DLB1600,123456789,87
2017-08-14T22:47:09.000Z,28.69186,48.545635,0.9866084533,65.41812053,299.0513923,DLB 1600,9876543,A6DLB1600,123456789,87
2017-08-14T23:17:08.000Z,28.691815,48.54582,0.1675185315,148.0452652,172.5816652,DLB 1600,9876543,A6DLB1600,123456789,87
2017-08-14T23:20:05.000Z,28.69182667,48.54588167,0.9175384522,304.2809208,20.57032581,DLB 1600,9876543,A6DLB1600,123456789,87
2017-08-14T23:26:06.000Z,28.69182333,48.54592333,0.365583022,95.98169116,60.19804946,DLB 1600,9876543,A6DLB1600,123456789,87
2017-08-14T23:32:05.000Z,28.69188667,48.54602,0.0921180836,275.1508867,282.5960213,DLB 1600,9876543,A6DLB1600,123456789,87
2017-08-14T23:35:09.000Z,28.69180833,48.54612333,1.607310704,76.31569406,91.72057854,DLB 1600,9876543,A6DLB1600,123456789,87
2017-08-14T23:41:08.000Z,28.69185333,48.54613667,0.3087209491,135.1756133,139.2942014,DLB 1600,9876543,A6DLB1600,123456789,87
2017-08-15T00:56:08.000Z,28.69177833,48.54612333,0.5439941472,46.14372127,122.8253289,DLB 1600,9876543,A6DLB1600,123456789,87
2017-08-15T01:41:05.000Z,28.69176833,48.54623667,0.3985586455,150.119594,300.1708105,DLB 1600,9876543,A6DLB1600,123456789,87
2017-08-15T01:47:10.000Z,28.691745,48.54624833,0.14666433,233.0975908,125.9249832,DLB 1600,9876543,A6DLB1600,123456789,87
2017-08-15T03:05:05.000Z,28.69169167,48.54665167,1.613396932,344.4280302,215.6547802,DLB 1600,9876543,A6DLB1600,123456789,87
2017-08-15T03:38:09.000Z,28.69166,48.54687833,1.720234938,313.7414449,345.4957445,DLB 1600,9876543,A6DLB1600,123456789,87
2017-08-15T03:41:08.000Z,28.69165,48.54682667,1.668403892,211.6373835,154.3325442,DLB 1600,9876543,A6DLB1600,123456789,87
2017-08-15T03:47:05.000Z,28.69164833,48.54689,0.07265713534,103.8994798,164.8223081,DLB 1600,9876543,A6DLB1600,123456789,87
2017-08-15T03:53:06.000Z,28.691635,48.54695333,1.220728541,200.1882252,64.84185064,DLB 1600,9876543,A6DLB1600,123456789,87
2017-08-15T03:56:06.000Z,28.6916,48.54709167,1.912457188,342.9372274,236.1656507,DLB 1600,9876543,A6DLB1600,123456789,87
2017-08-15T03:59:08.000Z,28.69158833,48.54709167,0.3813027105,333.0789408,72.15681959,DLB 1600,9876543,A6DLB1600,123456789,87
2017-08-15T04:02:10.000Z,28.69158667,48.54707333,0.6365872201,300.1865158,81.53840139,DLB 1600,9876543,A6DLB1600,123456789,87
2017-08-15T04:05:08.000Z,28.69158833,48.547225,1.843369225,92.12735275,291.3323928,DLB 1600,9876543,A6DLB1600,123456789,87
2017-08-15T04:11:07.000Z,28.69156,48.54732667,1.86843964,31.33952295,227.4739849,DLB 1600,9876543,A6DLB1600,123456789,87
2017-08-15T04:17:06.000Z,28.69156833,48.54739833,0.1267597945,138.3740273,31.1470868,DLB 1600,9876543,A6DLB1600,123456789,87
2017-08-15T05:32:11.000Z,28.69142,48.54833167,1.991971242,41.08668311,171.4942561,DLB 1600,9876543,A6DLB1600,123456789,87
2017-08-15T05:38:06.000Z,28.69142,48.54841833,0.5950831725,61.36723823,141.1094486,DLB 1600,9876543,A6DLB1600,123456789,87
2017-08-15T05:41:08.000Z,28.69143,48.548435,1.927934208,215.8760939,96.40638026,DLB 1600,9876543,A6DLB1600,123456789,87
2017-08-15T05:47:09.000Z,28.691435,48.54843833,1.836532905,301.309511,284.6364136,DLB 1600,9876543,A6DLB1600,123456789,87
2017-08-15T05:53:09.000Z,28.69148167,48.54840167,0.7856963754,328.2035421,191.821961,DLB 1600,9876543,A6DLB1600,123456789,87
2017-08-15T06:02:11.000Z,28.691405,48.54859167,0.7393089612,312.9995097,120.9668054,DLB 1600,9876543,A6DLB1600,123456789,87
2017-08-15T06:05:11.000Z,28.69138167,48.54859167,1.96210227,65.41812053,236.3713285,DLB 1600,9876543,A6DLB1600,123456789,87
2017-08-15T06:11:12.000Z,28.69139,48.54873,1.115064306,148.0452652,235.9245923,DLB 1600,9876543,A6DLB1600,123456789,87
2017-08-15T06:17:07.000Z,28.69135333,48.54877167,1.798070668,304.2809208,118.0316996,DLB 1600,9876543,A6DLB1600,123456789,87
2017-08-15T07:32:07.000Z,28.69118,48.54961833,1.008841462,95.98169116,129.663612,DLB 1600,9876543,A6DLB1600,123456789,87
2017-08-15T08:44:10.000Z,28.69117833,48.549765,0.35286998,275.1508867,275.1160309,DLB 1600,9876543,A6DLB1600,123456789,87
2017-08-15T09:38:12.000Z,28.69117333,48.54992167,1.967126601,76.31569406,136.6463655,DLB 1600,9876543,A6DLB1600,123456789,87
2017-08-15T09:41:09.000Z,28.69115833,48.55000667,0.3792784667,135.1756133,70.07030516,DLB 1600,9876543,A6DLB1600,123456789,87
2017-08-15T10:59:08.000Z,28.691105,48.550295,0.9866084533,46.14372127,25.91843343,DLB 1600,9876543,A6DLB1600,123456789,87
2017-08-15T11:08:11.000Z,28.69109,48.55034833,0.1675185315,150.119594,203.7393419,DLB 1600,9876543,A6DLB1600,123456789,87
2017-08-15T11:14:12.000Z,28.69106333,48.55038167,0.9175384522,233.0975908,65.39819374,DLB 1600,9876543,A6DLB1600,123456789,87
2017-08-15T11:26:12.000Z,28.69108833,48.55052333,0.365583022,344.4280302,330.7571507,DLB 1600,9876543,A6DLB1600,123456789,87
2017-08-15T11:29:07.000Z,28.691065,48.55051167,0.0921180836,313.7414449,196.5461518,DLB 1600,9876543,A6DLB1600,123456789,87
2017-08-15T12:41:13.000Z,28.69106667,48.55060833,1.607310704,211.6373835,225.3514172,DLB 1600,9876543,A6DLB1600,123456789,87
2017-08-15T13:14:12.000Z,28.69106,48.55068667,0.3087209491,103.8994798,64.71618664,DLB 1600,9876543,A6DLB1600,123456789,87
2017-08-15T13:17:10.000Z,28.69100667,48.55077167,0.5439941472,200.1882252,78.08561173,DLB 1600,9876543,A6DLB1600,123456789,87
2017-08-15T13:26:11.000Z,28.69097667,48.55091,0.3985586455,342.9372274,341.2875727,DLB 1600,9876543,A6DLB1600,123456789,87
2017-08-15T13:32:10.000Z,28.69103833,48.55093,0.14666433,333.0789408,94.44814014,DLB 1600,9876543,A6DLB1600,123456789,87
2017-08-15T13:41:08.000Z,28.69102833,48.55092167,1.613396932,300.1865158,331.8643991,DLB 1600,9876543,A6DLB1600,123456789,87
2017-08-15T13:44:13.000Z,28.69099833,48.550995,1.720234938,92.12735275,327.5673162,DLB 1600,9876543,A6DLB1600,123456789,87
2017-08-15T14:05:12.000Z,28.69095,48.55120833,1.668403892,31.33952295,317.5631331,DLB 1600,9876543,A6DLB1600,123456789,87
2017-08-15T14:11:12.000Z,28.69094167,48.55123833,0.07265713534,138.3740273,129.1719706,DLB 1600,9876543,A6DLB1600,123456789,87
2017-08-15T14:26:16.000Z,28.69095,48.55131833,1.220728541,41.08668311,18.14531714,DLB 1600,9876543,A6DLB1600,123456789,87
2017-08-15T14:32:14.000Z,28.69091333,48.551355,1.912457188,61.36723823,78.57383864,DLB 1600,9876543,A6DLB1600,123456789,87
2017-08-15T15:11:15.000Z,28.690945,48.55140333,0.3813027105,215.8760939,282.9993694,DLB 1600,9876543,A6DLB1600,123456789,87
2017-08-15T15:17:14.000Z,28.69098333,48.551505,0.6365872201,301.309511,261.2369711,DLB 1600,9876543,A6DLB1600,123456789,87
2017-08-15T15:20:14.000Z,28.69090667,48.5515,1.843369225,328.2035421,337.4566729,DLB 1600,9876543,A6DLB1600,123456789,87
2017-08-15T15:23:13.000Z,28.69086667,48.551645,1.86843964,312.9995097,187.5044059,DLB 1600,9876543,A6DLB1600,123456789,87
2017-08-15T15:32:14.000Z,28.69085833,48.55166167,0.1267597945,65.41812053,209.7110369,DLB 1600,9876543,A6DLB1600,123456789,87
2017-08-15T15:38:12.000Z,28.69084833,48.55174667,1.991971242,148.0452652,344.8618474,DLB 1600,9876543,A6DLB1600,123456789,87
2017-08-15T15:47:09.000Z,28.69086667,48.55181833,0.5950831725,304.2809208,0.6580788717,DLB 1600,9876543,A6DLB1600,123456789,87
2017-08-15T15:50:14.000Z,28.69082,48.55182333,1.927934208,95.98169116,155.2249135,DLB 1600,9876543,A6DLB1600,123456789,87
2017-08-15T16:47:13.000Z,28.69082333,48.55186167,1.836532905,275.1508867,167.5289264,DLB 1600,9876543,A6DLB1600,123456789,87
2017-08-15T16:50:14.000Z,28.69080667,48.55182833,0.7856963754,76.31569406,302.7999712,DLB 1600,9876543,A6DLB1600,123456789,87
2017-08-15T18:02:09.000Z,28.69077833,48.55212667,0.7393089612,135.1756133,300.4601229,DLB 1600,9876543,A6DLB1600,123456789,87
2017-08-15T19:17:10.000Z,28.69081333,48.55210167,1.96210227,46.14372127,50.52261903,DLB 1600,9876543,A6DLB1600,123456789,87
2017-08-15T19:23:15.000Z,28.69079333,48.552095,1.115064306,150.119594,68.38799325,DLB 1600,9876543,A6DLB1600,123456789,87
2017-08-15T19:26:15.000Z,28.69076,48.55221,1.798070668,233.0975908,150.0313304,DLB 1600,9876543,A6DLB1600,123456789,87
2017-08-15T19:47:10.000Z,28.690775,48.55237833,1.008841462,344.4280302,220.0606051,DLB 1600,9876543,A6DLB1600,123456789,87
2017-08-15T19:50:15.000Z,28.69074,48.55246833,0.35286998,313.7414449,288.3877407,DLB 1600,9876543,A6DLB1600,123456789,87
2017-08-15T21:02:12.000Z,28.69064167,48.55320667,1.967126601,211.6373835,189.1156376,DLB 1600,9876543,A6DLB1600,123456789,87
2017-08-15T21:11:12.000Z,28.69064,48.553185,0.3792784667,103.8994798,196.76272,DLB 1600,9876543,A6DLB1600,123456789,87
2017-08-15T21:14:15.000Z,28.69061333,48.553305,0.9866084533,200.1882252,276.5719652,DLB 1600,9876543,A6DLB1600,123456789,87
2017-08-15T21:26:10.000Z,28.69060667,48.55340667,0.1675185315,342.9372274,242.7997916,DLB 1600,9876543,A6DLB1600,123456789,87
2017-08-15T21:29:12.000Z,28.69056167,48.55345667,0.9175384522,333.0789408,275.2455598,DLB 1600,9876543,A6DLB1600,123456789,87
2017-08-15T22:05:10.000Z,28.69054,48.55356333,0.365583022,300.1865158,344.8034621,DLB 1600,9876543,A6DLB1600,123456789,87
2017-08-15T22:11:13.000Z,28.69057833,48.55360167,0.0921180836,92.12735275,170.4612244,DLB 1600,9876543,A6DLB1600,123456789,87
2017-08-15T23:29:16.000Z,28.69052,48.55390167,1.607310704,31.33952295,105.7153237,DLB 1600,9876543,A6DLB1600,123456789,87
2017-08-15T23:41:16.000Z,28.69054167,48.55392167,0.3087209491,138.3740273,213.9608367,DLB 1600,9876543,A6DLB1600,123456789,87
2017-08-15T23:47:11.000Z,28.69052333,48.55407,0.5439941472,41.08668311,173.3691522,DLB 1600,9876543,A6DLB1600,123456789,87
2017-08-16T00:56:15.000Z,28.690455,48.55426,0.3985586455,61.36723823,191.5039778,DLB 1600,9876543,A6DLB1600,123456789,87
2017-08-16T01:02:14.000Z,28.69045667,48.55429333,0.14666433,215.8760939,204.1952948,DLB 1600,9876543,A6DLB1600,123456789,87
2017-08-16T01:08:16.000Z,28.690435,48.5543,1.613396932,301.309511,23.90913494,DLB 1600,9876543,A6DLB1600,123456789,87
2017-08-16T01:11:19.000Z,28.69044833,48.55434167,1.720234938,328.2035421,29.53371366,DLB 1600,9876543,A6DLB1600,123456789,87
2017-08-16T01:29:16.000Z,28.69036,48.55463167,1.668403892,312.9995097,70.83762365,DLB 1600,9876543,A6DLB1600,123456789,87
2017-08-16T01:32:17.000Z,28.69034833,48.554715,0.07265713534,65.41812053,153.5085922,DLB 1600,9876543,A6DLB1600,123456789,87
2017-08-16T01:35:18.000Z,28.69035,48.55479,1.220728541,148.0452652,286.2575433,DLB 1600,9876543,A6DLB1600,123456789,87
2017-08-16T01:38:16.000Z,28.69034833,48.55488333,1.912457188,304.2809208,158.9408552,DLB 1600,9876543,A6DLB1600,123456789,87
2017-08-16T01:41:12.000Z,28.69031167,48.55500667,0.3813027105,95.98169116,351.9908439,DLB 1600,9876543,A6DLB1600,123456789,87
2017-08-16T01:47:12.000Z,28.69030333,48.55514,0.6365872201,275.1508867,322.6001235,DLB 1600,9876543,A6DLB1600,123456789,87
2017-08-16T02:59:14.000Z,28.69023333,48.55481333,1.843369225,76.31569406,216.1328674,DLB 1600,9876543,A6DLB1600,123456789,87
2017-08-16T04:11:17.000Z,28.69027167,48.55483333,1.86843964,135.1756133,184.3938469,DLB 1600,9876543,A6DLB1600,123456789,87
2017-08-16T04:53:17.000Z,28.69022167,48.554815,0.1267597945,46.14372127,12.942091,DLB 1600,9876543,A6DLB1600,123456789,87
2017-08-16T04:56:12.000Z,28.69023667,48.55454667,1.991971242,150.119594,20.89303655,DLB 1600,9876543,A6DLB1600,123456789,87
2017-08-16T06:08:16.000Z,28.690355,48.55423667,0.5950831725,233.0975908,306.2088944,DLB 1600,9876543,A6DLB1600,123456789,87
2017-08-16T06:23:13.000Z,28.69035,48.554345,1.927934208,344.4280302,207.496172,DLB 1600,9876543,A6DLB1600,123456789,87
2017-08-16T06:29:16.000Z,28.6903,48.55423833,1.836532905,313.7414449,195.2692582,DLB 1600,9876543,A6DLB1600,123456789,87
2017-08-16T06:56:16.000Z,28.69028833,48.5542,0.7856963754,211.6373835,336.0738793,DLB 1600,9876543,A6DLB1600,123456789,87
2017-08-16T07:02:15.000Z,28.69034833,48.55419167,0.7393089612,103.8994798,146.9471129,DLB 1600,9876543,A6DLB1600,123456789,87
2017-08-16T08:17:13.000Z,28.69034167,48.5542,1.96210227,200.1882252,81.1068303,DLB 1600,9876543,A6DLB1600,123456789,87
2017-08-16T09:32:16.000Z,28.69036,48.55424,1.115064306,342.9372274,20.74912861,DLB 1600,9876543,A6DLB1600,123456789,87
2017-08-16T10:47:18.000Z,28.69036,48.554245,1.798070668,333.0789408,160.5376116,DLB 1600,9876543,A6DLB1600,123456789,87
2017-08-16T11:17:19.000Z,28.69045,48.55377667,1.008841462,300.1865158,45.38023187,DLB 1600,9876543,A6DLB1600,123456789,87
2017-08-16T11:23:19.000Z,28.69050167,48.55323667,0.35286998,92.12735275,85.97036054,DLB 1600,9876543,A6DLB1600,123456789,87
2017-08-16T12:38:20.000Z,28.69042667,48.55347167,1.967126601,31.33952295,325.586521,DLB 1600,9876543,A6DLB1600,123456789,87
2017-08-16T13:32:15.000Z,28.69045,48.55345,0.3792784667,138.3740273,111.553607,DLB 1600,9876543,A6DLB1600,123456789,87
2017-08-16T13:35:15.000Z,28.69046833,48.55342667,0.9866084533,41.08668311,284.8748949,DLB 1600,9876543,A6DLB1600,123456789,87
2017-08-16T13:41:20.000Z,28.69045167,48.553325,0.1675185315,61.36723823,228.8218416,DLB 1600,9876543,A6DLB1600,123456789,87
2017-08-16T13:44:22.000Z,28.690415,48.553195,0.9175384522,215.8760939,233.0568903,DLB 1600,9876543,A6DLB1600,123456789,87
2017-08-16T14:11:18.000Z,28.69077833,48.55133667,0.365583022,301.309511,351.1204254,DLB 1600,9876543,A6DLB1600,123456789,87
2017-08-16T14:17:15.000Z,28.69104667,48.55030667,0.0921180836,328.2035421,180.170606,DLB 1600,9876543,A6DLB1600,123456789,87
2017-08-16T15:32:18.000Z,28.69131833,48.54879667,1.607310704,312.9995097,354.4387392,DLB 1600,9876543,A6DLB1600,123456789,87
2017-08-16T16:47:16.000Z,28.691335,48.54875667,0.3087209491,65.41812053,276.1324225,DLB 1600,9876543,A6DLB1600,123456789,87
2017-08-16T17:17:16.000Z,28.69204667,48.54719333,0.5439941472,148.0452652,260.3008725,DLB 1600,9876543,A6DLB1600,123456789,87
2017-08-16T17:23:21.000Z,28.692515,48.54505667,0.3985586455,304.2809208,12.14891106,DLB 1600,9876543,A6DLB1600,123456789,87
2017-08-16T17:45:00.000Z,28.69101667,48.52896333,0.14666433,95.98169116,187.733534,DLB 1600,9876543,A6DLB1600,123456789,87
2017-08-16T17:55:50.000Z,28.68977,48.518575,1.613396932,275.1508867,314.3763808,DLB 1600,9876543,A6DLB1600,123456789,87
2017-08-16T18:11:10.000Z,28.69120333,48.50408833,1.720234938,76.31569406,18.70182804,DLB 1600,9876543,A6DLB1600,123456789,87
2017-08-16T18:23:47.000Z,28.69313333,48.49278667,1.668403892,135.1756133,3.441087738,DLB 1600,9876543,A6DLB1600,123456789,87
2017-08-16T18:40:51.000Z,28.69659833,48.47717333,0.07265713534,46.14372127,32.62440543,DLB 1600,9876543,A6DLB1600,123456789,87
2017-08-16T19:09:10.000Z,28.702185,48.45283833,1.220728541,150.119594,273.5586464,DLB 1600,9876543,A6DLB1600,123456789,87
2017-08-16T19:25:15.000Z,28.70358,48.438045,1.912457188,233.0975908,16.32396826,DLB 1600,9876543,A6DLB1600,123456789,87
2017-08-16T19:40:35.000Z,28.706435,48.42416833,0.3813027105,344.4280302,258.7976472,DLB 1600,9876543,A6DLB1600,123456789,87
2017-08-16T19:52:43.000Z,28.70844167,48.41384,0.6365872201,313.7414449,268.532162,DLB 1600,9876543,A6DLB1600,123456789,87
2017-08-16T20:46:42.000Z,28.71015167,48.40287333,1.843369225,211.6373835,256.7419726,DLB 1600,9876543,A6DLB1600,123456789,87
2017-08-16T21:58:48.000Z,28.713005,48.39719833,1.86843964,103.8994798,327.6873761,DLB 1600,9876543,A6DLB1600,123456789,87
2017-08-16T22:28:43.000Z,28.71303,48.39720167,0.1267597945,200.1882252,221.5831598,DLB 1600,9876543,A6DLB1600,123456789,87
2017-08-16T22:31:43.000Z,28.71305667,48.397195,1.991971242,342.9372274,26.71368642,DLB 1600,9876543,A6DLB1600,123456789,87
2017-08-16T22:49:46.000Z,28.713,48.396865,0.5950831725,333.0789408,64.82613852,DLB 1600,9876543,A6DLB1600,123456789,87
2017-08-16T22:52:46.000Z,28.71327167,48.39659833,1.927934208,300.1865158,14.31686625,DLB 1600,9876543,A6DLB1600,123456789,87