MMSI,BaseDateTime,LAT,LON,SOG,COG,Heading,VesselName,IMO,CallSign,VesselType,Status,Length,Width,Draft,Cargo,TransceiverClass
356144000,2019-05-10T00:01:30,29.74042,-95.20651,0.1,229.2,113.0,GENESIS RIVER,IMO9478937,H3UA,80,5.0,189.0,32.0,12.6,,A
356144000,2019-05-10T00:04:30,29.74039,-95.20651,0.1,221.6,113.0,GENESIS RIVER,IMO9478937,H3UA,80,5.0,189.0,32.0,12.6,,A
356144000,2019-05-10T00:07:30,29.74038,-95.20646,0.1,223.8,113.0,GENESIS RIVER,IMO9478937,H3UA,80,5.0,189.0,32.0,12.6,,A
356144000,2019-05-10T00:10:30,29.74041,-95.20648,0.1,228.9,113.0,GENESIS RIVER,IMO9478937,H3UA,80,5.0,189.0,32.0,12.6,,A
356144000,2019-05-10T00:13:30,29.74042,-95.20649,0.0,245.4,113.0,GENESIS RIVER,IMO9478937,H3UA,80,5.0,189.0,32.0,12.6,,A
356144000,2019-05-10T00:16:30,29.74045,-95.20651,0.0,245.2,113.0,GENESIS RIVER,IMO9478937,H3UA,80,5.0,189.0,32.0,12.6,,A
356144000,2019-05-10T00:19:30,29.74043,-95.20648,0.1,155.2,113.0,GENESIS RIVER,IMO9478937,H3UA,80,5.0,189.0,32.0,12.6,,A
356144000,2019-05-10T00:22:30,29.74043,-95.20654,0.1,253.2,113.0,GENESIS RIVER,IMO9478937,H3UA,80,5.0,189.0,32.0,12.6,,A
356144000,2019-05-10T00:25:30,29.74044,-95.20649,0.1,252.3,113.0,GENESIS RIVER,IMO9478937,H3UA,80,5.0,189.0,32.0,12.6,,A
356144000,2019-05-10T00:31:30,29.74042,-95.20649,0.1,211.4,113.0,GENESIS RIVER,IMO9478937,H3UA,80,5.0,189.0,32.0,12.6,,A
356144000,2019-05-10T00:34:30,29.74043,-95.20655,0.1,220.1,113.0,GENESIS RIVER,IMO9478937,H3UA,80,5.0,189.0,32.0,12.6,,A
356144000,2019-05-10T00:37:30,29.74044,-95.20655,0.1,266.7,113.0,GENESIS RIVER,IMO9478937,H3UA,80,5.0,189.0,32.0,12.6,,A
356144000,2019-05-10T00:40:30,29.74042,-95.20645,0.1,239.2,113.0,GENESIS RIVER,IMO9478937,H3UA,80,5.0,189.0,32.0,12.6,,A
356144000,2019-05-10T00:43:30,29.74029,-95.20649,0.1,206.4,113.0,GENESIS RIVER,IMO9478937,H3UA,80,5.0,189.0,32.0,12.6,,A
356144000,2019-05-10T00:46:30,29.74044,-95.20654,0.1,227.0,113.0,GENESIS RIVER,IMO9478937,H3UA,80,5.0,189.0,32.0,12.6,,A
356144000,2019-05-10T00:49:30,29.74043,-95.20655,0.1,225.1,113.0,GENESIS RIVER,IMO9478937,H3UA,80,5.0,189.0,32.0,12.6,,A
356144000,2019-05-10T00:52:30,29.74041,-95.20655,0.1,216.3,113.0,GENESIS RIVER,IMO9478937,H3UA,80,5.0,189.0,32.0,12.6,,A
356144000,2019-05-10T00:55:30,29.74042,-95.20654,0.1,220.3,113.0,GENESIS RIVER,IMO9478937,H3UA,80,5.0,189.0,32.0,12.6,,A
356144000,2019-05-10T00:58:30,29.74041,-95.20651,0.1,220.4,113.0,GENESIS RIVER,IMO9478937,H3UA,80,5.0,189.0,32.0,12.6,,A
356144000,2019-05-10T01:01:30,29.74044,-95.2065,0.1,223.3,113.0,GENESIS RIVER,IMO9478937,H3UA,80,5.0,189.0,32.0,12.6,,A
356144000,2019-05-10T01:04:30,29.74043,-95.2065,0.1,224.9,113.0,GENESIS RIVER,IMO9478937,H3UA,80,5.0,189.0,32.0,12.6,,A
356144000,2019-05-10T01:07:30,29.74042,-95.20653,0.1,221.8,113.0,GENESIS RIVER,IMO9478937,H3UA,80,5.0,189.0,32.0,12.6,,A
356144000,2019-05-10T01:10:30,29.74042,-95.20652,0.1,235.9,113.0,GENESIS RIVER,IMO9478937,H3UA,80,5.0,189.0,32.0,12.6,,A
356144000,2019-05-10T01:19:30,29.74039,-95.20647,0.1,265.6,113.0,GENESIS RIVER,IMO9478937,H3UA,80,5.0,189.0,32.0,12.6,,A
356144000,2019-05-10T01:22:30,29.74042,-95.20651,0.1,263.4,113.0,GENESIS RIVER,IMO9478937,H3UA,80,5.0,189.0,32.0,12.6,,A
356144000,2019-05-10T01:25:30,29.74039,-95.2065,0.1,270.8,114.0,GENESIS RIVER,IMO9478937,H3UA,80,5.0,189.0,32.0,12.6,,A
356144000,2019-05-10T01:28:30,29.74042,-95.20651,0.1,231.1,114.0,GENESIS RIVER,IMO9478937,H3UA,80,5.0,189.0,32.0,12.6,,A
356144000,2019-05-10T01:31:30,29.74042,-95.20652,0.1,288.8,114.0,GENESIS RIVER,IMO9478937,H3UA,80,5.0,189.0,32.0,12.6,,A
356144000,2019-05-10T01:37:30,29.74042,-95.20651,0.0,220.8,114.0,GENESIS RIVER,IMO9478937,H3UA,80,5.0,189.0,32.0,12.6,,A
356144000,2019-05-10T01:34:30,29.74042,-95.20652,0.0,227.4,114.0,GENESIS RIVER,IMO9478937,H3UA,80,5.0,189.0,32.0,12.6,,A
356144000,2019-05-10T01:43:30,29.74044,-95.20652,0.1,301.7,114.0,GENESIS RIVER,IMO9478937,H3UA,80,5.0,189.0,32.0,12.6,,A
356144000,2019-05-10T01:40:30,29.7404,-95.20646,0.1,234.4,114.0,GENESIS RIVER,IMO9478937,H3UA,80,5.0,189.0,32.0,12.6,,A
356144000,2019-05-10T01:46:30,29.74046,-95.20652,0.0,238.9,114.0,GENESIS RIVER,IMO9478937,H3UA,80,5.0,189.0,32.0,12.6,,A
356144000,2019-05-10T01:49:30,29.74043,-95.20651,0.0,247.5,114.0,GENESIS RIVER,IMO9478937,H3UA,80,5.0,189.0,32.0,12.6,,A
356144000,2019-05-10T01:52:30,29.74042,-95.2065,0.0,247.5,113.0,GENESIS RIVER,IMO9478937,H3UA,80,5.0,189.0,32.0,12.6,,A
356144000,2019-05-10T01:55:30,29.74041,-95.20647,0.0,247.5,113.0,GENESIS RIVER,IMO9478937,H3UA,80,5.0,189.0,32.0,12.6,,A
356144000,2019-05-10T01:58:30,29.74042,-95.2065,0.0,247.5,113.0,GENESIS RIVER,IMO9478937,H3UA,80,5.0,189.0,32.0,12.6,,A
356144000,2019-05-10T02:01:30,29.74042,-95.20651,0.0,175.9,113.0,GENESIS RIVER,IMO9478937,H3UA,80,5.0,189.0,32.0,12.6,,A
356144000,2019-05-10T02:04:30,29.74041,-95.20652,0.0,175.9,113.0,GENESIS RIVER,IMO9478937,H3UA,80,5.0,189.0,32.0,12.6,,A
356144000,2019-05-10T02:07:30,29.74043,-95.20652,0.0,302.2,113.0,GENESIS RIVER,IMO9478937,H3UA,80,5.0,189.0,32.0,12.6,,A
356144000,2019-05-10T02:10:30,29.74043,-95.20653,0.0,306.0,113.0,GENESIS RIVER,IMO9478937,H3UA,80,5.0,189.0,32.0,12.6,,A
356144000,2019-05-10T02:13:30,29.7404,-95.2065,0.0,306.2,113.0,GENESIS RIVER,IMO9478937,H3UA,80,5.0,189.0,32.0,12.6,,A
356144000,2019-05-10T02:16:30,29.74039,-95.20651,0.1,311.2,113.0,GENESIS RIVER,IMO9478937,H3UA,80,5.0,189.0,32.0,12.6,,A
356144000,2019-05-10T02:19:30,29.74039,-95.20651,0.0,351.1,113.0,GENESIS RIVER,IMO9478937,H3UA,80,5.0,189.0,32.0,12.6,,A
356144000,2019-05-10T02:25:30,29.74042,-95.2065,0.1,220.5,113.0,GENESIS RIVER,IMO9478937,H3UA,80,5.0,189.0,32.0,12.6,,A
356144000,2019-05-10T02:34:30,29.74043,-95.20651,0.0,330.6,113.0,GENESIS RIVER,IMO9478937,H3UA,80,5.0,189.0,32.0,12.6,,A
356144000,2019-05-10T02:31:30,29.74045,-95.20652,0.0,330.6,113.0,GENESIS RIVER,IMO9478937,H3UA,80,5.0,189.0,32.0,12.6,,A
356144000,2019-05-10T02:37:30,29.74042,-95.20652,0.0,330.6,113.0,GENESIS RIVER,IMO9478937,H3UA,80,5.0,189.0,32.0,12.6,,A
356144000,2019-05-10T02:40:30,29.7404,-95.20651,0.0,330.6,113.0,GENESIS RIVER,IMO9478937,H3UA,80,5.0,189.0,32.0,12.6,,A
356144000,2019-05-10T02:43:30,29.74041,-95.2065,0.0,330.6,113.0,GENESIS RIVER,IMO9478937,H3UA,80,5.0,189.0,32.0,12.6,,A
356144000,2019-05-10T02:46:30,29.74043,-95.20653,0.1,130.9,113.0,GENESIS RIVER,IMO9478937,H3UA,80,5.0,189.0,32.0,12.6,,A
356144000,2019-05-10T02:49:30,29.74041,-95.2065,0.0,129.8,113.0,GENESIS RIVER,IMO9478937,H3UA,80,5.0,189.0,32.0,12.6,,A
356144000,2019-05-10T02:52:30,29.74042,-95.20651,0.0,129.8,113.0,GENESIS RIVER,IMO9478937,H3UA,80,5.0,189.0,32.0,12.6,,A
356144000,2019-05-10T02:55:30,29.74045,-95.20655,0.1,230.0,113.0,GENESIS RIVER,IMO9478937,H3UA,80,5.0,189.0,32.0,12.6,,A
356144000,2019-05-10T03:01:30,29.74041,-95.20652,0.0,140.5,113.0,GENESIS RIVER,IMO9478937,H3UA,80,5.0,189.0,32.0,12.6,,A
356144000,2019-05-10T03:07:30,29.7404,-95.20653,0.1,223.0,113.0,GENESIS RIVER,IMO9478937,H3UA,80,5.0,189.0,32.0,12.6,,A
356144000,2019-05-10T03:19:30,29.7404,-95.20651,0.0,141.6,113.0,GENESIS RIVER,IMO9478937,H3UA,80,5.0,189.0,32.0,12.6,,A
356144000,2019-05-10T03:16:30,29.74039,-95.20649,0.1,222.6,113.0,GENESIS RIVER,IMO9478937,H3UA,80,5.0,189.0,32.0,12.6,,A
356144000,2019-05-10T03:22:30,29.74048,-95.20648,0.0,150.9,113.0,GENESIS RIVER,IMO9478937,H3UA,80,5.0,189.0,32.0,12.6,,A
356144000,2019-05-10T03:25:30,29.7405,-95.2065,0.1,13.9,113.0,GENESIS RIVER,IMO9478937,H3UA,80,5.0,189.0,32.0,12.6,,A
356144000,2019-05-10T03:28:30,29.74044,-95.20653,0.0,11.8,113.0,GENESIS RIVER,IMO9478937,H3UA,80,5.0,189.0,32.0,12.6,,A
356144000,2019-05-10T03:31:30,29.74047,-95.20652,0.0,11.3,113.0,GENESIS RIVER,IMO9478937,H3UA,80,5.0,189.0,32.0,12.6,,A
356144000,2019-05-10T03:34:30,29.74041,-95.20645,0.0,148.8,113.0,GENESIS RIVER,IMO9478937,H3UA,80,5.0,189.0,32.0,12.6,,A
356144000,2019-05-10T03:40:30,29.7404,-95.20652,0.0,13.4,113.0,GENESIS RIVER,IMO9478937,H3UA,80,5.0,189.0,32.0,12.6,,A
356144000,2019-05-10T03:43:30,29.74041,-95.20652,0.1,17.3,113.0,GENESIS RIVER,IMO9478937,H3UA,80,5.0,189.0,32.0,12.6,,A
356144000,2019-05-10T03:37:30,29.7403,-95.2065,0.0,156.5,113.0,GENESIS RIVER,IMO9478937,H3UA,80,5.0,189.0,32.0,12.6,,A
356144000,2019-05-10T03:46:30,29.74042,-95.20654,0.1,357.5,113.0,GENESIS RIVER,IMO9478937,H3UA,80,5.0,189.0,32.0,12.6,,A
356144000,2019-05-10T03:49:30,29.7404,-95.20652,0.1,358.9,113.0,GENESIS RIVER,IMO9478937,H3UA,80,5.0,189.0,32.0,12.6,,A
356144000,2019-05-10T03:52:30,29.74041,-95.20649,0.1,131.6,113.0,GENESIS RIVER,IMO9478937,H3UA,80,5.0,189.0,32.0,12.6,,A
356144000,2019-05-10T03:58:30,29.74037,-95.20646,0.1,128.1,113.0,GENESIS RIVER,IMO9478937,H3UA,80,5.0,189.0,32.0,12.6,,A
356144000,2019-05-10T04:01:30,29.74039,-95.20648,0.1,136.7,113.0,GENESIS RIVER,IMO9478937,H3UA,80,5.0,189.0,32.0,12.6,,A
356144000,2019-05-10T04:07:30,29.74042,-95.20651,0.1,125.5,113.0,GENESIS RIVER,IMO9478937,H3UA,80,5.0,189.0,32.0,12.6,,A
356144000,2019-05-10T04:04:30,29.74038,-95.20647,0.1,118.8,113.0,GENESIS RIVER,IMO9478937,H3UA,80,5.0,189.0,32.0,12.6,,A
356144000,2019-05-10T04:13:30,29.74046,-95.20651,0.1,132.1,113.0,GENESIS RIVER,IMO9478937,H3UA,80,5.0,189.0,32.0,12.6,,A
356144000,2019-05-10T04:19:30,29.74042,-95.2065,0.1,150.9,113.0,GENESIS RIVER,IMO9478937,H3UA,80,5.0,189.0,32.0,12.6,,A
356144000,2019-05-10T04:22:30,29.74044,-95.20654,0.1,188.9,113.0,GENESIS RIVER,IMO9478937,H3UA,80,5.0,189.0,32.0,12.6,,A
356144000,2019-05-10T04:28:30,29.74042,-95.20649,0.1,129.5,113.0,GENESIS RIVER,IMO9478937,H3UA,80,5.0,189.0,32.0,12.6,,A
356144000,2019-05-10T04:37:30,29.74044,-95.20649,0.0,101.0,113.0,GENESIS RIVER,IMO9478937,H3UA,80,5.0,189.0,32.0,12.6,,A
356144000,2019-05-10T04:43:30,29.74043,-95.20649,0.0,102.7,113.0,GENESIS RIVER,IMO9478937,H3UA,80,5.0,189.0,32.0,12.6,,A
356144000,2019-05-10T04:46:30,29.74041,-95.20651,0.1,106.5,113.0,GENESIS RIVER,IMO9478937,H3UA,80,5.0,189.0,32.0,12.6,,A
356144000,2019-05-10T04:55:30,29.74042,-95.20648,0.0,83.0,113.0,GENESIS RIVER,IMO9478937,H3UA,80,5.0,189.0,32.0,12.6,,A
356144000,2019-05-10T05:07:30,29.74047,-95.2064,0.0,59.0,113.0,GENESIS RIVER,IMO9478937,H3UA,80,5.0,189.0,32.0,12.6,,A
356144000,2019-05-10T05:13:30,29.74042,-95.2065,0.0,312.7,113.0,GENESIS RIVER,IMO9478937,H3UA,80,5.0,189.0,32.0,12.6,,A
356144000,2019-05-10T05:16:30,29.74045,-95.2065,0.0,45.2,113.0,GENESIS RIVER,IMO9478937,H3UA,80,5.0,189.0,32.0,12.6,,A
356144000,2019-05-10T05:19:30,29.7404,-95.20649,0.0,48.3,113.0,GENESIS RIVER,IMO9478937,H3UA,80,5.0,189.0,32.0,12.6,,A
356144000,2019-05-10T05:22:30,29.74041,-95.2065,0.0,41.0,113.0,GENESIS RIVER,IMO9478937,H3UA,80,5.0,189.0,32.0,12.6,,A
356144000,2019-05-10T05:28:30,29.7404,-95.20648,0.0,41.0,113.0,GENESIS RIVER,IMO9478937,H3UA,80,5.0,189.0,32.0,12.6,,A
356144000,2019-05-10T05:31:30,29.74038,-95.20649,0.0,41.0,113.0,GENESIS RIVER,IMO9478937,H3UA,80,5.0,189.0,32.0,12.6,,A
356144000,2019-05-10T05:34:30,29.74039,-95.20648,0.0,41.0,113.0,GENESIS RIVER,IMO9478937,H3UA,80,5.0,189.0,32.0,12.6,,A
356144000,2019-05-10T05:37:30,29.74039,-95.20647,0.1,143.1,113.0,GENESIS RIVER,IMO9478937,H3UA,80,5.0,189.0,32.0,12.6,,A
356144000,2019-05-10T05:40:30,29.74039,-95.2065,0.0,145.3,113.0,GENESIS RIVER,IMO9478937,H3UA,80,5.0,189.0,32.0,12.6,,A
356144000,2019-05-10T05:46:30,29.74045,-95.20649,0.0,246.2,113.0,GENESIS RIVER,IMO9478937,H3UA,80,5.0,189.0,32.0,12.6,,A
356144000,2019-05-10T05:49:30,29.74039,-95.2065,0.1,146.5,113.0,GENESIS RIVER,IMO9478937,H3UA,80,5.0,189.0,32.0,12.6,,A
356144000,2019-05-10T06:07:30,29.7404,-95.20649,0.0,144.6,113.0,GENESIS RIVER,IMO9478937,H3UA,80,5.0,189.0,32.0,12.6,,A
356144000,2019-05-10T06:10:30,29.74041,-95.2065,0.1,144.9,113.0,GENESIS RIVER,IMO9478937,H3UA,80,5.0,189.0,32.0,12.6,,A
356144000,2019-05-10T06:13:30,29.74044,-95.20643,0.0,142.8,113.0,GENESIS RIVER,IMO9478937,H3UA,80,5.0,189.0,32.0,12.6,,A
356144000,2019-05-10T06:16:30,29.7404,-95.20649,0.0,88.9,113.0,GENESIS RIVER,IMO9478937,H3UA,80,5.0,189.0,32.0,12.6,,A
356144000,2019-05-10T06:19:30,29.7404,-95.20651,0.1,93.5,113.0,GENESIS RIVER,IMO9478937,H3UA,80,5.0,189.0,32.0,12.6,,A
356144000,2019-05-10T06:22:30,29.74041,-95.2065,0.0,285.0,113.0,GENESIS RIVER,IMO9478937,H3UA,80,5.0,189.0,32.0,12.6,,A
356144000,2019-05-10T06:25:30,29.74041,-95.20649,0.0,141.7,113.0,GENESIS RIVER,IMO9478937,H3UA,80,5.0,189.0,32.0,12.6,,A
356144000,2019-05-10T06:31:30,29.74041,-95.2065,0.0,280.1,113.0,GENESIS RIVER,IMO9478937,H3UA,80,5.0,189.0,32.0,12.6,,A
356144000,2019-05-10T06:37:30,29.74041,-95.20653,0.0,180.7,113.0,GENESIS RIVER,IMO9478937,H3UA,80,5.0,189.0,32.0,12.6,,A
356144000,2019-05-10T06:43:30,29.74041,-95.20651,0.1,144.3,113.0,GENESIS RIVER,IMO9478937,H3UA,80,5.0,189.0,32.0,12.6,,A
356144000,2019-05-10T06:46:30,29.74044,-95.20651,0.1,127.9,113.0,GENESIS RIVER,IMO9478937,H3UA,80,5.0,189.0,32.0,12.6,,A
356144000,2019-05-10T06:49:30,29.74042,-95.20648,0.1,177.3,113.0,GENESIS RIVER,IMO9478937,H3UA,80,5.0,189.0,32.0,12.6,,A
356144000,2019-05-10T06:52:30,29.74042,-95.20649,0.1,148.1,113.0,GENESIS RIVER,IMO9478937,H3UA,80,5.0,189.0,32.0,12.6,,A
356144000,2019-05-10T06:55:30,29.7404,-95.2065,0.1,136.1,113.0,GENESIS RIVER,IMO9478937,H3UA,80,5.0,189.0,32.0,12.6,,A
356144000,2019-05-10T06:58:30,29.74042,-95.20649,0.1,153.0,113.0,GENESIS RIVER,IMO9478937,H3UA,80,5.0,189.0,32.0,12.6,,A
356144000,2019-05-10T07:07:30,29.74042,-95.20649,0.1,139.0,113.0,GENESIS RIVER,IMO9478937,H3UA,80,5.0,189.0,32.0,12.6,,A
356144000,2019-05-10T07:10:30,29.74043,-95.20651,0.0,136.1,113.0,GENESIS RIVER,IMO9478937,H3UA,80,5.0,189.0,32.0,12.6,,A
356144000,2019-05-10T07:19:30,29.74042,-95.20653,0.0,162.7,113.0,GENESIS RIVER,IMO9478937,H3UA,80,5.0,189.0,32.0,12.6,,A
356144000,2019-05-10T07:25:30,29.74041,-95.20651,0.0,162.7,113.0,GENESIS RIVER,IMO9478937,H3UA,80,5.0,189.0,32.0,12.6,,A
356144000,2019-05-10T07:28:30,29.7404,-95.20647,0.0,162.7,113.0,GENESIS RIVER,IMO9478937,H3UA,80,5.0,189.0,32.0,12.6,,A
356144000,2019-05-10T07:31:30,29.7404,-95.20647,0.0,163.8,113.0,GENESIS RIVER,IMO9478937,H3UA,80,5.0,189.0,32.0,12.6,,A
356144000,2019-05-10T07:34:30,29.7404,-95.20647,0.0,163.8,113.0,GENESIS RIVER,IMO9478937,H3UA,80,5.0,189.0,32.0,12.6,,A
356144000,2019-05-10T07:37:30,29.74039,-95.20649,0.0,163.8,113.0,GENESIS RIVER,IMO9478937,H3UA,80,5.0,189.0,32.0,12.6,,A
356144000,2019-05-10T07:40:30,29.74039,-95.20651,0.0,163.8,113.0,GENESIS RIVER,IMO9478937,H3UA,80,5.0,189.0,32.0,12.6,,A
356144000,2019-05-10T07:43:30,29.74039,-95.20648,0.0,163.8,113.0,GENESIS RIVER,IMO9478937,H3UA,80,5.0,189.0,32.0,12.6,,A
356144000,2019-05-10T07:49:30,29.74039,-95.20651,0.0,163.8,113.0,GENESIS RIVER,IMO9478937,H3UA,80,5.0,189.0,32.0,12.6,,A
356144000,2019-05-10T07:52:30,29.74041,-95.20651,0.0,163.8,113.0,GENESIS RIVER,IMO9478937,H3UA,80,5.0,189.0,32.0,12.6,,A
356144000,2019-05-10T07:55:30,29.7404,-95.20652,0.0,163.8,113.0,GENESIS RIVER,IMO9478937,H3UA,80,5.0,189.0,32.0,12.6,,A
356144000,2019-05-10T08:04:30,29.74039,-95.20651,0.0,163.8,113.0,GENESIS RIVER,IMO9478937,H3UA,80,5.0,189.0,32.0,12.6,,A
356144000,2019-05-10T08:07:30,29.74047,-95.2065,0.0,163.8,113.0,GENESIS RIVER,IMO9478937,H3UA,80,5.0,189.0,32.0,12.6,,A
356144000,2019-05-10T08:16:30,29.74048,-95.20655,0.0,163.8,113.0,GENESIS RIVER,IMO9478937,H3UA,80,5.0,189.0,32.0,12.6,,A
356144000,2019-05-10T08:19:30,29.74041,-95.2065,0.0,163.8,113.0,GENESIS RIVER,IMO9478937,H3UA,80,5.0,189.0,32.0,12.6,,A
356144000,2019-05-10T08:25:30,29.7404,-95.2065,0.0,138.2,113.0,GENESIS RIVER,IMO9478937,H3UA,80,5.0,189.0,32.0,12.6,,A
356144000,2019-05-10T08:31:30,29.7404,-95.20647,0.0,147.3,113.0,GENESIS RIVER,IMO9478937,H3UA,80,5.0,189.0,32.0,12.6,,A
356144000,2019-05-10T08:34:30,29.74034,-95.20652,0.0,147.3,113.0,GENESIS RIVER,IMO9478937,H3UA,80,5.0,189.0,32.0,12.6,,A
356144000,2019-05-10T08:37:30,29.74038,-95.20651,0.1,163.8,113.0,GENESIS RIVER,IMO9478937,H3UA,80,5.0,189.0,32.0,12.6,,A
356144000,2019-05-10T08:40:30,29.74041,-95.2065,0.1,165.4,113.0,GENESIS RIVER,IMO9478937,H3UA,80,5.0,189.0,32.0,12.6,,A
356144000,2019-05-10T08:43:30,29.7404,-95.2065,0.0,157.6,113.0,GENESIS RIVER,IMO9478937,H3UA,80,5.0,189.0,32.0,12.6,,A
356144000,2019-05-10T08:46:30,29.7404,-95.20649,0.0,166.0,113.0,GENESIS RIVER,IMO9478937,H3UA,80,5.0,189.0,32.0,12.6,,A
356144000,2019-05-10T08:49:30,29.7404,-95.20647,0.0,213.9,113.0,GENESIS RIVER,IMO9478937,H3UA,80,5.0,189.0,32.0,12.6,,A
356144000,2019-05-10T08:58:30,29.7404,-95.20649,0.1,182.9,113.0,GENESIS RIVER,IMO9478937,H3UA,80,5.0,189.0,32.0,12.6,,A
356144000,2019-05-10T09:04:30,29.74039,-95.2065,0.0,181.8,113.0,GENESIS RIVER,IMO9478937,H3UA,80,5.0,189.0,32.0,12.6,,A
356144000,2019-05-10T09:07:30,29.74039,-95.20653,0.1,179.2,113.0,GENESIS RIVER,IMO9478937,H3UA,80,5.0,189.0,32.0,12.6,,A
356144000,2019-05-10T09:13:30,29.74038,-95.20642,0.1,215.6,113.0,GENESIS RIVER,IMO9478937,H3UA,80,5.0,189.0,32.0,12.6,,A
356144000,2019-05-10T09:19:30,29.74044,-95.20651,0.1,220.7,113.0,GENESIS RIVER,IMO9478937,H3UA,80,5.0,189.0,32.0,12.6,,A
356144000,2019-05-10T09:22:30,29.74043,-95.20647,0.0,226.2,113.0,GENESIS RIVER,IMO9478937,H3UA,80,5.0,189.0,32.0,12.6,,A
356144000,2019-05-10T09:25:30,29.74045,-95.2065,0.0,231.9,113.0,GENESIS RIVER,IMO9478937,H3UA,80,5.0,189.0,32.0,12.6,,A
356144000,2019-05-10T09:28:30,29.74039,-95.2065,0.1,195.6,113.0,GENESIS RIVER,IMO9478937,H3UA,80,5.0,189.0,32.0,12.6,,A
356144000,2019-05-10T09:31:30,29.74043,-95.20648,0.0,194.9,113.0,GENESIS RIVER,IMO9478937,H3UA,80,5.0,189.0,32.0,12.6,,A
356144000,2019-05-10T09:34:30,29.74042,-95.20647,0.0,207.5,113.0,GENESIS RIVER,IMO9478937,H3UA,80,5.0,189.0,32.0,12.6,,A
356144000,2019-05-10T09:40:30,29.74045,-95.2065,0.0,219.0,113.0,GENESIS RIVER,IMO9478937,H3UA,80,5.0,189.0,32.0,12.6,,A
356144000,2019-05-10T09:46:30,29.74043,-95.20653,0.1,222.7,113.0,GENESIS RIVER,IMO9478937,H3UA,80,5.0,189.0,32.0,12.6,,A
356144000,2019-05-10T09:52:30,29.74035,-95.20646,0.0,226.0,113.0,GENESIS RIVER,IMO9478937,H3UA,80,5.0,189.0,32.0,12.6,,A
356144000,2019-05-10T09:55:30,29.74038,-95.2065,0.0,260.1,113.0,GENESIS RIVER,IMO9478937,H3UA,80,5.0,189.0,32.0,12.6,,A
356144000,2019-05-10T09:58:30,29.74037,-95.20647,0.1,248.7,113.0,GENESIS RIVER,IMO9478937,H3UA,80,5.0,189.0,32.0,12.6,,A
356144000,2019-05-10T10:04:30,29.74037,-95.20646,0.1,239.8,113.0,GENESIS RIVER,IMO9478937,H3UA,80,5.0,189.0,32.0,12.6,,A
356144000,2019-05-10T10:07:30,29.74038,-95.20646,0.0,242.5,113.0,GENESIS RIVER,IMO9478937,H3UA,80,5.0,189.0,32.0,12.6,,A
356144000,2019-05-10T10:13:30,29.74043,-95.20649,0.0,231.3,113.0,GENESIS RIVER,IMO9478937,H3UA,80,5.0,189.0,32.0,12.6,,A
356144000,2019-05-10T10:16:30,29.7404,-95.20649,0.0,231.3,113.0,GENESIS RIVER,IMO9478937,H3UA,80,5.0,189.0,32.0,12.6,,A
356144000,2019-05-10T10:22:30,29.7404,-95.2065,0.1,261.3,113.0,GENESIS RIVER,IMO9478937,H3UA,80,5.0,189.0,32.0,12.6,,A
356144000,2019-05-10T10:28:30,29.7404,-95.20649,0.1,247.4,113.0,GENESIS RIVER,IMO9478937,H3UA,80,5.0,189.0,32.0,12.6,,A
356144000,2019-05-10T10:31:30,29.7404,-95.20649,0.1,230.6,113.0,GENESIS RIVER,IMO9478937,H3UA,80,5.0,189.0,32.0,12.6,,A
356144000,2019-05-10T10:43:30,29.74041,-95.2065,0.0,252.4,113.0,GENESIS RIVER,IMO9478937,H3UA,80,5.0,189.0,32.0,12.6,,A
356144000,2019-05-10T10:37:30,29.74038,-95.20649,0.1,287.0,113.0,GENESIS RIVER,IMO9478937,H3UA,80,5.0,189.0,32.0,12.6,,A
356144000,2019-05-10T10:46:30,29.74041,-95.20651,0.0,257.7,113.0,GENESIS RIVER,IMO9478937,H3UA,80,5.0,189.0,32.0,12.6,,A
356144000,2019-05-10T10:49:30,29.74042,-95.20649,0.0,257.7,113.0,GENESIS RIVER,IMO9478937,H3UA,80,5.0,189.0,32.0,12.6,,A
356144000,2019-05-10T10:52:30,29.74041,-95.20648,0.0,257.7,113.0,GENESIS RIVER,IMO9478937,H3UA,80,5.0,189.0,32.0,12.6,,A
356144000,2019-05-10T10:55:30,29.74042,-95.20652,0.0,257.7,113.0,GENESIS RIVER,IMO9478937,H3UA,80,5.0,189.0,32.0,12.6,,A
356144000,2019-05-10T10:58:30,29.74037,-95.20648,0.0,257.7,113.0,GENESIS RIVER,IMO9478937,H3UA,80,5.0,189.0,32.0,12.6,,A
356144000,2019-05-10T11:01:30,29.7404,-95.20649,0.0,257.7,113.0,GENESIS RIVER,IMO9478937,H3UA,80,5.0,189.0,32.0,12.6,,A
356144000,2019-05-10T11:04:30,29.74042,-95.20649,0.1,233.4,113.0,GENESIS RIVER,IMO9478937,H3UA,80,5.0,189.0,32.0,12.6,,A
356144000,2019-05-10T11:07:30,29.74042,-95.20649,0.0,239.8,113.0,GENESIS RIVER,IMO9478937,H3UA,80,5.0,189.0,32.0,12.6,,A
356144000,2019-05-10T11:10:30,29.74042,-95.20651,0.0,239.8,113.0,GENESIS RIVER,IMO9478937,H3UA,80,5.0,189.0,32.0,12.6,,A
356144000,2019-05-10T11:13:30,29.74042,-95.2065,0.0,239.8,113.0,GENESIS RIVER,IMO9478937,H3UA,80,5.0,189.0,32.0,12.6,,A
356144000,2019-05-10T11:16:30,29.74041,-95.20651,0.0,239.8,113.0,GENESIS RIVER,IMO9478937,H3UA,80,5.0,189.0,32.0,12.6,,A
356144000,2019-05-10T11:22:30,29.74038,-95.20648,0.0,239.8,113.0,GENESIS RIVER,IMO9478937,H3UA,80,5.0,189.0,32.0,12.6,,A
356144000,2019-05-10T11:25:30,29.7404,-95.20651,0.0,239.8,113.0,GENESIS RIVER,IMO9478937,H3UA,80,5.0,189.0,32.0,12.6,,A
356144000,2019-05-10T11:28:30,29.7404,-95.20648,0.0,253.5,113.0,GENESIS RIVER,IMO9478937,H3UA,80,5.0,189.0,32.0,12.6,,A
356144000,2019-05-10T11:31:30,29.74039,-95.2065,0.0,214.7,113.0,GENESIS RIVER,IMO9478937,H3UA,80,5.0,189.0,32.0,12.6,,A
356144000,2019-05-10T11:34:30,29.7404,-95.20651,0.0,150.8,113.0,GENESIS RIVER,IMO9478937,H3UA,80,5.0,189.0,32.0,12.6,,A
356144000,2019-05-10T11:37:30,29.74042,-95.20649,0.0,150.8,113.0,GENESIS RIVER,IMO9478937,H3UA,80,5.0,189.0,32.0,12.6,,A
356144000,2019-05-10T11:43:30,29.74042,-95.2065,0.0,150.8,113.0,GENESIS RIVER,IMO9478937,H3UA,80,5.0,189.0,32.0,12.6,,A
356144000,2019-05-10T11:46:30,29.7404,-95.20651,0.0,150.8,113.0,GENESIS RIVER,IMO9478937,H3UA,80,5.0,189.0,32.0,12.6,,A
356144000,2019-05-10T11:55:30,29.74044,-95.20653,0.0,150.8,113.0,GENESIS RIVER,IMO9478937,H3UA,80,5.0,189.0,32.0,12.6,,A
356144000,2019-05-10T12:04:30,29.7404,-95.2065,0.0,220.7,114.0,GENESIS RIVER,IMO9478937,H3UA,80,5.0,189.0,32.0,12.6,,A
356144000,2019-05-10T12:10:30,29.7404,-95.20652,0.0,202.6,114.0,GENESIS RIVER,IMO9478937,H3UA,80,5.0,189.0,32.0,12.6,,A
356144000,2019-05-10T12:13:30,29.74039,-95.2065,0.1,217.4,114.0,GENESIS RIVER,IMO9478937,H3UA,80,5.0,189.0,32.0,12.6,,A
356144000,2019-05-10T12:19:30,29.74045,-95.20648,0.0,199.0,114.0,GENESIS RIVER,IMO9478937,H3UA,80,5.0,189.0,32.0,12.6,,A
356144000,2019-05-10T12:22:30,29.7404,-95.20649,0.0,188.1,114.0,GENESIS RIVER,IMO9478937,H3UA,80,5.0,189.0,32.0,12.6,,A
356144000,2019-05-10T12:25:30,29.74037,-95.20652,0.0,184.8,114.0,GENESIS RIVER,IMO9478937,H3UA,80,5.0,189.0,32.0,12.6,,A
356144000,2019-05-10T12:31:30,29.74041,-95.20652,0.0,184.8,113.0,GENESIS RIVER,IMO9478937,H3UA,80,5.0,189.0,32.0,12.6,,A
356144000,2019-05-10T12:37:30,29.74042,-95.20648,0.1,318.9,113.0,GENESIS RIVER,IMO9478937,H3UA,80,5.0,189.0,32.0,12.6,,A
356144000,2019-05-10T12:34:30,29.74037,-95.20646,0.0,166.1,113.0,GENESIS RIVER,IMO9478937,H3UA,80,5.0,189.0,32.0,12.6,,A
356144000,2019-05-10T12:40:30,29.74043,-95.20649,0.1,189.0,113.0,GENESIS RIVER,IMO9478937,H3UA,80,5.0,189.0,32.0,12.6,,A
356144000,2019-05-10T12:43:30,29.74039,-95.20646,0.1,197.1,113.0,GENESIS RIVER,IMO9478937,H3UA,80,5.0,189.0,32.0,12.6,,A
356144000,2019-05-10T12:46:30,29.74042,-95.20647,0.1,155.2,113.0,GENESIS RIVER,IMO9478937,H3UA,80,5.0,189.0,32.0,12.6,,A
356144000,2019-05-10T12:52:30,29.74043,-95.20651,0.1,184.7,113.0,GENESIS RIVER,IMO9478937,H3UA,80,5.0,189.0,32.0,12.6,,A
356144000,2019-05-10T12:55:30,29.74043,-95.20652,0.0,187.3,113.0,GENESIS RIVER,IMO9478937,H3UA,80,5.0,189.0,32.0,12.6,,A
356144000,2019-05-10T13:10:30,29.74041,-95.2065,0.0,134.8,113.0,GENESIS RIVER,IMO9478937,H3UA,80,5.0,189.0,32.0,12.6,,A
356144000,2019-05-10T13:13:30,29.74043,-95.20651,0.0,147.9,113.0,GENESIS RIVER,IMO9478937,H3UA,80,5.0,189.0,32.0,12.6,,A
356144000,2019-05-10T13:16:30,29.74044,-95.20653,0.1,139.6,113.0,GENESIS RIVER,IMO9478937,H3UA,80,5.0,189.0,32.0,12.6,,A
356144000,2019-05-10T13:22:30,29.74043,-95.2065,0.0,143.6,113.0,GENESIS RIVER,IMO9478937,H3UA,80,5.0,189.0,32.0,12.6,,A
356144000,2019-05-10T13:28:30,29.7404,-95.20647,0.0,143.6,113.0,GENESIS RIVER,IMO9478937,H3UA,80,5.0,189.0,32.0,12.6,,A
356144000,2019-05-10T13:31:30,29.74038,-95.20644,0.0,138.4,113.0,GENESIS RIVER,IMO9478937,H3UA,80,5.0,189.0,32.0,12.6,,A
356144000,2019-05-10T13:34:30,29.74039,-95.20646,0.0,138.4,113.0,GENESIS RIVER,IMO9478937,H3UA,80,5.0,189.0,32.0,12.6,,A
356144000,2019-05-10T13:40:30,29.74043,-95.2065,0.0,319.2,113.0,GENESIS RIVER,IMO9478937,H3UA,80,5.0,189.0,32.0,12.6,,A
356144000,2019-05-10T13:46:30,29.74042,-95.20652,0.0,319.2,113.0,GENESIS RIVER,IMO9478937,H3UA,80,5.0,189.0,32.0,12.6,,A
356144000,2019-05-10T13:43:30,29.74044,-95.20655,0.0,319.2,113.0,GENESIS RIVER,IMO9478937,H3UA,80,5.0,189.0,32.0,12.6,,A
356144000,2019-05-10T13:49:30,29.74039,-95.20648,0.0,319.2,113.0,GENESIS RIVER,IMO9478937,H3UA,80,5.0,189.0,32.0,12.6,,A
356144000,2019-05-10T13:52:30,29.74042,-95.2065,0.0,319.2,113.0,GENESIS RIVER,IMO9478937,H3UA,80,5.0,189.0,32.0,12.6,,A
356144000,2019-05-10T13:58:30,29.74042,-95.2065,0.0,319.2,113.0,GENESIS RIVER,IMO9478937,H3UA,80,5.0,189.0,32.0,12.6,,A
356144000,2019-05-10T14:01:30,29.74039,-95.20651,0.1,122.0,113.0,GENESIS RIVER,IMO9478937,H3UA,80,5.0,189.0,32.0,12.6,,A
356144000,2019-05-10T14:07:30,29.74038,-95.20646,0.0,124.3,113.0,GENESIS RIVER,IMO9478937,H3UA,80,5.0,189.0,32.0,12.6,,A
356144000,2019-05-10T14:13:30,29.74039,-95.20644,0.0,124.3,113.0,GENESIS RIVER,IMO9478937,H3UA,80,5.0,189.0,32.0,12.6,,A
356144000,2019-05-10T14:16:30,29.7404,-95.20646,0.0,124.3,113.0,GENESIS RIVER,IMO9478937,H3UA,80,5.0,189.0,32.0,12.6,,A
356144000,2019-05-10T14:19:30,29.7403,-95.20652,0.1,202.6,113.0,GENESIS RIVER,IMO9478937,H3UA,80,5.0,189.0,32.0,12.6,,A
356144000,2019-05-10T14:25:30,29.74041,-95.20648,0.0,113.1,113.0,GENESIS RIVER,IMO9478937,H3UA,80,5.0,189.0,32.0,12.6,,A
356144000,2019-05-10T14:28:30,29.74039,-95.20646,0.1,125.6,113.0,GENESIS RIVER,IMO9478937,H3UA,80,5.0,189.0,32.0,12.6,,A
356144000,2019-05-10T14:31:30,29.74042,-95.20649,0.0,119.1,113.0,GENESIS RIVER,IMO9478937,H3UA,80,5.0,189.0,32.0,12.6,,A
356144000,2019-05-10T14:34:30,29.74041,-95.20649,0.0,119.1,113.0,GENESIS RIVER,IMO9478937,H3UA,80,5.0,189.0,32.0,12.6,,A
356144000,2019-05-10T14:37:30,29.74042,-95.20648,0.0,119.1,113.0,GENESIS RIVER,IMO9478937,H3UA,80,5.0,189.0,32.0,12.6,,A
356144000,2019-05-10T14:40:30,29.74042,-95.20646,0.0,119.1,113.0,GENESIS RIVER,IMO9478937,H3UA,80,5.0,189.0,32.0,12.6,,A
356144000,2019-05-10T14:43:30,29.74042,-95.20646,0.0,119.1,113.0,GENESIS RIVER,IMO9478937,H3UA,80,5.0,189.0,32.0,12.6,,A
356144000,2019-05-10T14:46:30,29.74043,-95.2065,0.0,119.1,113.0,GENESIS RIVER,IMO9478937,H3UA,80,5.0,189.0,32.0,12.6,,A
356144000,2019-05-10T14:52:30,29.74042,-95.20648,0.1,200.0,114.0,GENESIS RIVER,IMO9478937,H3UA,80,5.0,189.0,32.0,12.6,,A
356144000,2019-05-10T14:55:30,29.74041,-95.20648,0.0,139.2,114.0,GENESIS RIVER,IMO9478937,H3UA,80,5.0,189.0,32.0,12.6,,A
356144000,2019-05-10T14:58:30,29.74043,-95.20649,0.0,187.9,114.0,GENESIS RIVER,IMO9478937,H3UA,80,5.0,189.0,32.0,12.6,,A
356144000,2019-05-10T15:01:30,29.74041,-95.20648,0.0,187.9,114.0,GENESIS RIVER,IMO9478937,H3UA,80,5.0,189.0,32.0,12.6,,A
356144000,2019-05-10T15:07:30,29.74038,-95.2065,0.0,192.5,114.0,GENESIS RIVER,IMO9478937,H3UA,80,5.0,189.0,32.0,12.6,,A
356144000,2019-05-10T15:10:30,29.74041,-95.20651,0.1,193.9,114.0,GENESIS RIVER,IMO9478937,H3UA,80,5.0,189.0,32.0,12.6,,A
356144000,2019-05-10T15:16:30,29.74038,-95.20649,0.0,193.9,114.0,GENESIS RIVER,IMO9478937,H3UA,80,5.0,189.0,32.0,12.6,,A
356144000,2019-05-10T15:22:30,29.7404,-95.20653,0.0,94.1,114.0,GENESIS RIVER,IMO9478937,H3UA,80,5.0,189.0,32.0,12.6,,A
356144000,2019-05-10T15:25:30,29.74041,-95.20651,0.1,136.0,114.0,GENESIS RIVER,IMO9478937,H3UA,80,5.0,189.0,32.0,12.6,,A
356144000,2019-05-10T15:28:30,29.74043,-95.20651,0.1,138.3,114.0,GENESIS RIVER,IMO9478937,H3UA,80,5.0,189.0,32.0,12.6,,A
356144000,2019-05-10T15:34:30,29.74043,-95.20649,0.1,98.6,114.0,GENESIS RIVER,IMO9478937,H3UA,80,5.0,189.0,32.0,12.6,,A
356144000,2019-05-10T15:31:30,29.74044,-95.2065,0.1,137.3,114.0,GENESIS RIVER,IMO9478937,H3UA,80,5.0,189.0,32.0,12.6,,A
356144000,2019-05-10T15:40:30,29.74039,-95.20648,0.1,136.5,113.0,GENESIS RIVER,IMO9478937,H3UA,80,5.0,189.0,32.0,12.6,,A
356144000,2019-05-10T15:49:30,29.74041,-95.20649,0.1,132.0,113.0,GENESIS RIVER,IMO9478937,H3UA,80,5.0,189.0,32.0,12.6,,A
356144000,2019-05-10T15:52:30,29.74043,-95.20649,0.0,133.5,113.0,GENESIS RIVER,IMO9478937,H3UA,80,5.0,189.0,32.0,12.6,,A
356144000,2019-05-10T15:55:30,29.74041,-95.2065,0.0,133.5,113.0,GENESIS RIVER,IMO9478937,H3UA,80,5.0,189.0,32.0,12.6,,A
356144000,2019-05-10T15:58:30,29.74042,-95.2065,0.1,101.8,113.0,GENESIS RIVER,IMO9478937,H3UA,80,5.0,189.0,32.0,12.6,,A
356144000,2019-05-10T16:01:30,29.74043,-95.20647,0.1,310.5,113.0,GENESIS RIVER,IMO9478937,H3UA,80,5.0,189.0,32.0,12.6,,A
356144000,2019-05-10T16:07:30,29.74043,-95.20651,0.0,101.5,114.0,GENESIS RIVER,IMO9478937,H3UA,80,5.0,189.0,32.0,12.6,,A
356144000,2019-05-10T16:10:30,29.74043,-95.20654,0.1,101.1,114.0,GENESIS RIVER,IMO9478937,H3UA,80,5.0,189.0,32.0,12.6,,A
356144000,2019-05-10T16:13:30,29.74042,-95.20652,0.0,108.5,114.0,GENESIS RIVER,IMO9478937,H3UA,80,5.0,189.0,32.0,12.6,,A
356144000,2019-05-10T16:19:30,29.74044,-95.20652,0.0,108.5,114.0,GENESIS RIVER,IMO9478937,H3UA,80,5.0,189.0,32.0,12.6,,A
356144000,2019-05-10T16:25:30,29.74041,-95.20657,0.0,108.5,114.0,GENESIS RIVER,IMO9478937,H3UA,80,5.0,189.0,32.0,12.6,,A
356144000,2019-05-10T16:37:30,29.74039,-95.2065,0.0,108.5,114.0,GENESIS RIVER,IMO9478937,H3UA,80,5.0,189.0,32.0,12.6,,A
356144000,2019-05-10T16:40:30,29.74038,-95.2065,0.0,108.5,114.0,GENESIS RIVER,IMO9478937,H3UA,80,5.0,189.0,32.0,12.6,,A
356144000,2019-05-10T16:43:30,29.7404,-95.20652,0.0,108.5,114.0,GENESIS RIVER,IMO9478937,H3UA,80,5.0,189.0,32.0,12.6,,A
356144000,2019-05-10T16:46:30,29.74041,-95.20651,0.0,108.5,114.0,GENESIS RIVER,IMO9478937,H3UA,80,5.0,189.0,32.0,12.6,,A
356144000,2019-05-10T16:52:30,29.74041,-95.20651,0.0,108.5,113.0,GENESIS RIVER,IMO9478937,H3UA,80,5.0,189.0,32.0,12.6,,A
356144000,2019-05-10T17:01:30,29.74038,-95.20649,0.0,109.7,113.0,GENESIS RIVER,IMO9478937,H3UA,80,5.0,189.0,32.0,12.6,,A
356144000,2019-05-10T17:04:30,29.74041,-95.20653,0.0,116.8,113.0,GENESIS RIVER,IMO9478937,H3UA,80,5.0,189.0,32.0,12.6,,A
356144000,2019-05-10T17:06:07,29.74039,-95.20652,0.0,116.8,113.0,GENESIS RIVER,IMO9478937,H3UA,80,0.0,189.0,32.0,12.6,,A
356144000,2019-05-10T17:07:17,29.7404,-95.20652,0.0,116.8,113.0,GENESIS RIVER,IMO9478937,H3UA,80,0.0,189.0,32.0,12.6,,A
356144000,2019-05-10T17:08:18,29.74041,-95.20649,0.0,116.8,113.0,GENESIS RIVER,IMO9478937,H3UA,80,0.0,189.0,32.0,12.6,,A
356144000,2019-05-10T17:09:27,29.74041,-95.20646,0.0,116.8,113.0,GENESIS RIVER,IMO9478937,H3UA,80,0.0,189.0,32.0,12.6,,A
356144000,2019-05-10T17:10:38,29.7404,-95.20647,0.0,116.8,113.0,GENESIS RIVER,IMO9478937,H3UA,80,0.0,189.0,32.0,12.6,,A
356144000,2019-05-10T17:11:47,29.74039,-95.20649,0.0,116.8,113.0,GENESIS RIVER,IMO9478937,H3UA,80,0.0,189.0,32.0,12.6,,A
356144000,2019-05-10T17:12:56,29.7404,-95.20651,0.0,116.8,113.0,GENESIS RIVER,IMO9478937,H3UA,80,0.0,189.0,32.0,12.6,,A
356144000,2019-05-10T17:14:17,29.7404,-95.20651,0.0,116.8,113.0,GENESIS RIVER,IMO9478937,H3UA,80,0.0,189.0,32.0,12.6,,A
356144000,2019-05-10T17:15:18,29.74041,-95.2065,0.1,47.0,113.0,GENESIS RIVER,IMO9478937,H3UA,80,0.0,189.0,32.0,12.6,,A
356144000,2019-05-10T17:16:27,29.74039,-95.2065,0.4,145.9,115.0,GENESIS RIVER,IMO9478937,H3UA,80,0.0,189.0,32.0,12.6,,A
356144000,2019-05-10T17:17:37,29.74023,-95.20635,0.8,136.7,112.0,GENESIS RIVER,IMO9478937,H3UA,80,0.0,189.0,32.0,12.6,,A
356144000,2019-05-10T17:18:48,29.74004,-95.20606,1.1,124.8,108.0,GENESIS RIVER,IMO9478937,H3UA,80,0.0,189.0,32.0,12.6,,A
356144000,2019-05-10T17:19:57,29.73981,-95.20567,1.5,121.5,101.0,GENESIS RIVER,IMO9478937,H3UA,80,0.0,189.0,32.0,12.6,,A
356144000,2019-05-10T17:20:58,29.73961,-95.20522,1.8,113.0,92.0,GENESIS RIVER,IMO9478937,H3UA,80,0.0,189.0,32.0,12.6,,A
356144000,2019-05-10T17:22:07,29.73944,-95.2045,2.3,93.1,78.0,GENESIS RIVER,IMO9478937,H3UA,80,0.0,189.0,32.0,12.6,,A
356144000,2019-05-10T17:23:18,29.73957,-95.20358,2.9,77.3,72.0,GENESIS RIVER,IMO9478937,H3UA,80,0.0,189.0,32.0,12.6,,A
356144000,2019-05-10T17:24:28,29.73989,-95.20243,3.5,69.0,68.0,GENESIS RIVER,IMO9478937,H3UA,80,0.0,189.0,32.0,12.6,,A
356144000,2019-05-10T17:25:37,29.74036,-95.20109,4.2,68.4,68.0,GENESIS RIVER,IMO9478937,H3UA,80,0.0,189.0,32.0,12.6,,A
356144000,2019-05-10T17:26:47,29.74085,-95.19963,4.6,68.5,66.0,GENESIS RIVER,IMO9478937,H3UA,80,0.0,189.0,32.0,12.6,,A
356144000,2019-05-10T17:27:57,29.74144,-95.19803,4.6,66.2,65.0,GENESIS RIVER,IMO9478937,H3UA,80,0.0,189.0,32.0,12.6,,A
356144000,2019-05-10T17:29:08,29.74206,-95.19647,4.6,66.7,65.0,GENESIS RIVER,IMO9478937,H3UA,80,0.0,189.0,32.0,12.6,,A
356144000,2019-05-10T17:30:18,29.74267,-95.19492,4.7,66.1,65.0,GENESIS RIVER,IMO9478937,H3UA,80,0.0,189.0,32.0,12.6,,A
356144000,2019-05-10T17:32:47,29.74402,-95.19145,4.8,66.3,65.0,GENESIS RIVER,IMO9478937,H3UA,80,0.0,189.0,32.0,12.6,,A
356144000,2019-05-10T17:31:28,29.7433,-95.1933,4.8,66.7,65.0,GENESIS RIVER,IMO9478937,H3UA,80,0.0,189.0,32.0,12.6,,A
356144000,2019-05-10T17:33:57,29.74468,-95.18982,5.0,65.7,68.0,GENESIS RIVER,IMO9478937,H3UA,80,0.0,189.0,32.0,12.6,,A
356144000,2019-05-10T17:35:06,29.74528,-95.18815,5.0,69.8,78.0,GENESIS RIVER,IMO9478937,H3UA,80,0.0,189.0,32.0,12.6,,A
356144000,2019-05-10T17:36:16,29.74563,-95.18636,4.9,84.0,88.0,GENESIS RIVER,IMO9478937,H3UA,80,0.0,189.0,32.0,12.6,,A
356144000,2019-05-10T17:37:27,29.74565,-95.18451,5.0,91.9,88.0,GENESIS RIVER,IMO9478937,H3UA,80,0.0,189.0,32.0,12.6,,A
356144000,2019-05-10T17:38:37,29.74568,-95.18267,5.0,87.1,84.0,GENESIS RIVER,IMO9478937,H3UA,80,0.0,189.0,32.0,12.6,,A
356144000,2019-05-10T17:39:46,29.7458,-95.18086,5.0,84.6,83.0,GENESIS RIVER,IMO9478937,H3UA,80,0.0,189.0,32.0,12.6,,A
356144000,2019-05-10T17:40:57,29.74592,-95.179,5.0,84.0,77.0,GENESIS RIVER,IMO9478937,H3UA,80,0.0,189.0,32.0,12.6,,A
356144000,2019-05-10T17:42:36,29.74638,-95.17649,4.8,75.6,75.0,GENESIS RIVER,IMO9478937,H3UA,80,0.0,189.0,32.0,12.6,,A
356144000,2019-05-10T17:43:47,29.7468,-95.17477,4.9,75.3,82.0,GENESIS RIVER,IMO9478937,H3UA,80,0.0,189.0,32.0,12.6,,A
356144000,2019-05-10T17:45:27,29.74704,-95.17228,4.7,94.3,98.0,GENESIS RIVER,IMO9478937,H3UA,80,0.0,189.0,32.0,12.6,,A
356144000,2019-05-10T17:46:36,29.74685,-95.17053,4.9,99.4,103.0,GENESIS RIVER,IMO9478937,H3UA,80,0.0,189.0,32.0,12.6,,A
356144000,2019-05-10T17:48:46,29.74602,-95.16738,4.9,112.9,116.0,GENESIS RIVER,IMO9478937,H3UA,80,0.0,189.0,32.0,12.6,,A
356144000,2019-05-10T17:49:58,29.74527,-95.1657,5.0,121.5,120.0,GENESIS RIVER,IMO9478937,H3UA,80,0.0,189.0,32.0,12.6,,A
356144000,2019-05-10T17:52:36,29.74339,-95.16201,5.2,129.6,134.0,GENESIS RIVER,IMO9478937,H3UA,80,0.0,189.0,32.0,12.6,,A
356144000,2019-05-10T17:53:57,29.74209,-95.16045,5.1,135.0,134.0,GENESIS RIVER,IMO9478937,H3UA,80,0.0,189.0,32.0,12.6,,A
356144000,2019-05-10T17:51:08,29.74448,-95.16407,5.2,116.2,121.0,GENESIS RIVER,IMO9478937,H3UA,80,0.0,189.0,32.0,12.6,,A
356144000,2019-05-10T17:57:17,29.7386,-95.15658,5.4,135.7,125.0,GENESIS RIVER,IMO9478937,H3UA,80,0.0,189.0,32.0,12.6,,A
356144000,2019-05-10T17:55:07,29.74093,-95.15912,5.2,134.6,134.0,GENESIS RIVER,IMO9478937,H3UA,80,0.0,189.0,32.0,12.6,,A
356144000,2019-05-10T17:58:26,29.73753,-95.15507,5.2,121.7,113.0,GENESIS RIVER,IMO9478937,H3UA,80,0.0,189.0,32.0,12.6,,A
356144000,2019-05-10T18:00:07,29.73654,-95.15259,5.1,107.9,99.0,GENESIS RIVER,IMO9478937,H3UA,80,0.0,189.0,32.0,12.6,,A
356144000,2019-05-10T17:59:36,29.73678,-95.15335,5.2,113.0,104.0,GENESIS RIVER,IMO9478937,H3UA,80,0.0,189.0,32.0,12.6,,A
356144000,2019-05-10T18:02:17,29.73603,-95.14921,5.0,96.4,91.0,GENESIS RIVER,IMO9478937,H3UA,80,0.0,189.0,32.0,12.6,,A
356144000,2019-05-10T18:01:16,29.73622,-95.15077,5.0,99.0,95.0,GENESIS RIVER,IMO9478937,H3UA,80,0.0,189.0,32.0,12.6,,A
356144000,2019-05-10T18:03:28,29.73596,-95.14735,5.0,92.6,91.0,GENESIS RIVER,IMO9478937,H3UA,80,0.0,189.0,32.0,12.6,,A
356144000,2019-05-10T18:04:38,29.73588,-95.14548,5.1,91.2,90.0,GENESIS RIVER,IMO9478937,H3UA,80,0.0,189.0,32.0,12.6,,A
356144000,2019-05-10T18:05:48,29.73597,-95.14357,5.1,85.4,95.0,GENESIS RIVER,IMO9478937,H3UA,80,0.0,189.0,32.0,12.6,,A
356144000,2019-05-10T18:06:57,29.73589,-95.14177,5.1,98.1,103.0,GENESIS RIVER,IMO9478937,H3UA,80,0.0,189.0,32.0,12.6,,A
356144000,2019-05-10T18:09:17,29.73513,-95.13783,5.8,101.1,100.0,GENESIS RIVER,IMO9478937,H3UA,80,0.0,189.0,32.0,12.6,,A
356144000,2019-05-10T18:10:48,29.73465,-95.13496,6.2,99.0,99.0,GENESIS RIVER,IMO9478937,H3UA,80,0.0,189.0,32.0,12.6,,A
356144000,2019-05-10T18:08:07,29.73551,-95.13987,5.5,103.8,102.0,GENESIS RIVER,IMO9478937,H3UA,80,0.0,189.0,32.0,12.6,,A
356144000,2019-05-10T18:12:07,29.73428,-95.13232,6.7,98.5,99.0,GENESIS RIVER,IMO9478937,H3UA,80,0.0,189.0,32.0,12.6,,A
356144000,2019-05-10T18:13:17,29.73392,-95.12989,6.7,98.7,91.0,GENESIS RIVER,IMO9478937,H3UA,80,0.0,189.0,32.0,12.6,,A
356144000,2019-05-10T18:15:07,29.73397,-95.12619,6.0,77.5,66.0,GENESIS RIVER,IMO9478937,H3UA,80,0.0,189.0,32.0,12.6,,A
356144000,2019-05-10T18:16:17,29.73464,-95.1242,5.6,64.3,58.0,GENESIS RIVER,IMO9478937,H3UA,80,0.0,189.0,32.0,12.6,,A
356144000,2019-05-10T18:18:07,29.73602,-95.12145,5.4,58.0,56.0,GENESIS RIVER,IMO9478937,H3UA,80,0.0,189.0,32.0,12.6,,A
356144000,2019-05-10T18:19:16,29.73696,-95.11975,5.4,56.3,56.0,GENESIS RIVER,IMO9478937,H3UA,80,0.0,189.0,32.0,12.6,,A
356144000,2019-05-10T18:21:07,29.73845,-95.11718,5.3,61.7,69.0,GENESIS RIVER,IMO9478937,H3UA,80,0.0,189.0,32.0,12.6,,A
356144000,2019-05-10T18:23:07,29.73942,-95.11413,5.1,72.1,72.0,GENESIS RIVER,IMO9478937,H3UA,80,0.0,189.0,32.0,12.6,,A
356144000,2019-05-10T18:24:58,29.74024,-95.11122,5.2,73.5,71.0,GENESIS RIVER,IMO9478937,H3UA,80,0.0,189.0,32.0,12.6,,A
356144000,2019-05-10T18:26:58,29.74118,-95.10813,5.0,62.5,53.0,GENESIS RIVER,IMO9478937,H3UA,80,0.0,189.0,32.0,12.6,,A
356144000,2019-05-10T18:28:07,29.74205,-95.10663,4.9,52.0,47.0,GENESIS RIVER,IMO9478937,H3UA,80,0.0,189.0,32.0,12.6,,A
356144000,2019-05-10T18:29:58,29.74372,-95.10451,4.8,45.4,43.0,GENESIS RIVER,IMO9478937,H3UA,80,0.0,189.0,32.0,12.6,,A
356144000,2019-05-10T18:31:17,29.745,-95.10308,4.9,44.4,43.0,GENESIS RIVER,IMO9478937,H3UA,80,0.0,189.0,32.0,12.6,,A
356144000,2019-05-10T18:32:56,29.74667,-95.10127,5.1,43.0,43.0,GENESIS RIVER,IMO9478937,H3UA,80,0.0,189.0,32.0,12.6,,A
356144000,2019-05-10T18:34:27,29.74823,-95.09953,5.1,45.4,43.0,GENESIS RIVER,IMO9478937,H3UA,80,0.0,189.0,32.0,12.6,,A
356144000,2019-05-10T18:36:56,29.75075,-95.09669,5.3,44.5,43.0,GENESIS RIVER,IMO9478937,H3UA,80,0.0,189.0,32.0,12.6,,A
356144000,2019-05-10T18:39:26,29.75379,-95.09374,6.0,33.2,27.0,GENESIS RIVER,IMO9478937,H3UA,80,0.0,189.0,32.0,12.6,,A
356144000,2019-05-10T18:40:46,29.75578,-95.09254,6.2,24.3,22.0,GENESIS RIVER,IMO9478937,H3UA,80,0.0,189.0,32.0,12.6,,A
356144000,2019-05-10T18:42:08,29.75799,-95.09148,6.5,23.1,22.0,GENESIS RIVER,IMO9478937,H3UA,80,0.0,189.0,32.0,12.6,,A
356144000,2019-05-10T18:43:16,29.75991,-95.0906,6.6,23.7,34.0,GENESIS RIVER,IMO9478937,H3UA,80,0.0,189.0,32.0,12.6,,A
356144000,2019-05-10T18:44:46,29.76214,-95.08871,6.9,46.9,57.0,GENESIS RIVER,IMO9478937,H3UA,80,0.0,189.0,32.0,12.6,,A
356144000,2019-05-10T18:46:08,29.76359,-95.08614,7.2,66.2,77.0,GENESIS RIVER,IMO9478937,H3UA,80,0.0,189.0,32.0,12.6,,A
356144000,2019-05-10T18:47:16,29.76414,-95.08366,7.0,88.7,101.0,GENESIS RIVER,IMO9478937,H3UA,80,0.0,189.0,32.0,12.6,,A
356144000,2019-05-10T18:48:56,29.76333,-95.08,7.7,114.0,116.0,GENESIS RIVER,IMO9478937,H3UA,80,0.0,189.0,32.0,12.6,,A
356144000,2019-05-10T18:50:08,29.7621,-95.07728,8.3,117.8,117.0,GENESIS RIVER,IMO9478937,H3UA,80,0.0,189.0,32.0,12.6,,A
356144000,2019-05-10T18:51:18,29.76081,-95.07446,8.8,115.9,118.0,GENESIS RIVER,IMO9478937,H3UA,80,0.0,189.0,32.0,12.6,,A
356144000,2019-05-10T18:52:57,29.75856,-95.07049,9.3,129.9,135.0,GENESIS RIVER,IMO9478937,H3UA,80,0.0,189.0,32.0,12.6,,A
356144000,2019-05-10T18:55:37,29.75278,-95.06615,9.6,156.3,155.0,GENESIS RIVER,IMO9478937,H3UA,80,0.0,189.0,32.0,12.6,,A
356144000,2019-05-10T18:57:37,29.74792,-95.06369,9.2,155.9,155.0,GENESIS RIVER,IMO9478937,H3UA,80,0.0,189.0,32.0,12.6,,A
356144000,2019-05-10T18:58:47,29.74523,-95.0623,9.1,155.4,155.0,GENESIS RIVER,IMO9478937,H3UA,80,0.0,189.0,32.0,12.6,,A
356144000,2019-05-10T18:59:48,29.74294,-95.06113,8.7,155.8,155.0,GENESIS RIVER,IMO9478937,H3UA,80,0.0,189.0,32.0,12.6,,A
356144000,2019-05-10T19:00:08,29.7422,-95.06077,8.6,157.6,154.0,GENESIS RIVER,IMO9478937,H3UA,80,0.0,189.0,32.0,12.6,,A
356144000,2019-05-10T19:01:16,29.73981,-95.05941,8.1,148.4,142.0,GENESIS RIVER,IMO9478937,H3UA,80,0.0,189.0,32.0,12.6,,A
356144000,2019-05-10T19:02:28,29.73779,-95.05764,7.4,136.0,131.0,GENESIS RIVER,IMO9478937,H3UA,80,0.0,189.0,32.0,12.6,,A
356144000,2019-05-10T19:03:36,29.73625,-95.05569,7.2,128.6,124.0,GENESIS RIVER,IMO9478937,H3UA,80,0.0,189.0,32.0,12.6,,A
356144000,2019-05-10T19:04:47,29.73496,-95.05354,6.8,121.7,120.0,GENESIS RIVER,IMO9478937,H3UA,80,0.0,189.0,32.0,12.6,,A
356144000,2019-05-10T19:05:57,29.73383,-95.05135,6.8,119.9,120.0,GENESIS RIVER,IMO9478937,H3UA,80,0.0,189.0,32.0,12.6,,A
356144000,2019-05-10T19:08:17,29.73158,-95.04705,6.9,118.2,108.0,GENESIS RIVER,IMO9478937,H3UA,80,0.0,189.0,32.0,12.6,,A
356144000,2019-05-10T19:07:08,29.73272,-95.04918,6.7,120.4,120.0,GENESIS RIVER,IMO9478937,H3UA,80,0.0,189.0,32.0,12.6,,A
356144000,2019-05-10T19:09:47,29.73081,-95.04403,6.6,98.7,95.0,GENESIS RIVER,IMO9478937,H3UA,80,0.0,189.0,32.0,12.6,,A
356144000,2019-05-10T19:12:17,29.73042,-95.03854,7.1,93.0,93.0,GENESIS RIVER,IMO9478937,H3UA,80,0.0,189.0,32.0,12.6,,A
356144000,2019-05-10T19:13:28,29.7303,-95.03584,7.2,92.8,93.0,GENESIS RIVER,IMO9478937,H3UA,80,0.0,189.0,32.0,12.6,,A
356144000,2019-05-10T19:10:57,29.73055,-95.04152,7.2,97.6,93.0,GENESIS RIVER,IMO9478937,H3UA,80,0.0,189.0,32.0,12.6,,A
356144000,2019-05-10T19:14:37,29.73016,-95.03324,7.1,93.1,93.0,GENESIS RIVER,IMO9478937,H3UA,80,0.0,189.0,32.0,12.6,,A
356144000,2019-05-10T19:15:38,29.73005,-95.03101,7.0,92.0,98.0,GENESIS RIVER,IMO9478937,H3UA,80,0.0,189.0,32.0,12.6,,A
356144000,2019-05-10T19:16:44,29.72986,-95.02859,6.7,103.9,119.0,GENESIS RIVER,IMO9478937,H3UA,80,0.0,189.0,32.0,12.6,,A
356144000,2019-05-10T19:17:58,29.7289,-95.02643,6.0,126.8,135.0,GENESIS RIVER,IMO9478937,H3UA,80,0.0,189.0,32.0,12.6,,A
356144000,2019-05-10T19:20:57,29.72521,-95.02263,6.3,142.0,153.0,GENESIS RIVER,IMO9478937,H3UA,80,0.0,189.0,32.0,12.6,,A
356144000,2019-05-10T19:22:18,29.72308,-95.02141,6.4,167.5,175.0,GENESIS RIVER,IMO9478937,H3UA,80,0.0,189.0,32.0,12.6,,A
356144000,2019-05-10T19:23:38,29.72059,-95.02116,7.2,179.3,180.0,GENESIS RIVER,IMO9478937,H3UA,80,0.0,189.0,32.0,12.6,,A
356144000,2019-05-10T19:19:08,29.72762,-95.02488,5.8,138.6,141.0,GENESIS RIVER,IMO9478937,H3UA,80,0.0,189.0,32.0,12.6,,A
356144000,2019-05-10T19:24:46,29.71817,-95.02115,7.9,180.0,179.0,GENESIS RIVER,IMO9478937,H3UA,80,0.0,189.0,32.0,12.6,,A
356144000,2019-05-10T19:26:28,29.71429,-95.02118,8.6,180.9,179.0,GENESIS RIVER,IMO9478937,H3UA,80,0.0,189.0,32.0,12.6,,A
356144000,2019-05-10T19:27:38,29.71138,-95.0212,9.1,177.1,172.0,GENESIS RIVER,IMO9478937,H3UA,80,0.0,189.0,32.0,12.6,,A
356144000,2019-05-10T19:29:38,29.70655,-95.0199,9.0,154.2,143.0,GENESIS RIVER,IMO9478937,H3UA,80,0.0,189.0,32.0,12.6,,A
356144000,2019-05-10T19:30:58,29.70391,-95.01762,8.7,130.4,119.0,GENESIS RIVER,IMO9478937,H3UA,80,0.0,189.0,32.0,12.6,,A
356144000,2019-05-10T19:32:58,29.70169,-95.01254,8.8,106.7,103.0,GENESIS RIVER,IMO9478937,H3UA,80,0.0,189.0,32.0,12.6,,A
356144000,2019-05-10T19:34:58,29.70064,-95.00701,9.6,100.9,99.0,GENESIS RIVER,IMO9478937,H3UA,80,0.0,189.0,32.0,12.6,,A
356144000,2019-05-10T19:36:07,29.70014,-95.0035,9.8,97.8,103.0,GENESIS RIVER,IMO9478937,H3UA,80,0.0,189.0,32.0,12.6,,A
356144000,2019-05-10T19:38:56,29.69663,-94.99591,9.6,128.0,129.0,GENESIS RIVER,IMO9478937,H3UA,80,0.0,189.0,32.0,12.6,,A
356144000,2019-05-10T19:41:27,29.69236,-94.99024,9.0,131.5,130.0,GENESIS RIVER,IMO9478937,H3UA,80,0.0,189.0,32.0,12.6,,A
356144000,2019-05-10T19:42:46,29.6903,-94.98749,8.3,129.8,134.0,GENESIS RIVER,IMO9478937,H3UA,80,0.0,189.0,32.0,12.6,,A
356144000,2019-05-10T19:43:56,29.68842,-94.98546,7.8,148.7,152.0,GENESIS RIVER,IMO9478937,H3UA,80,0.0,189.0,32.0,12.6,,A
356144000,2019-05-10T19:45:56,29.68442,-94.98298,8.4,150.6,151.0,GENESIS RIVER,IMO9478937,H3UA,80,0.0,189.0,32.0,12.6,,A
356144000,2019-05-10T19:47:48,29.68044,-94.98084,8.7,159.2,160.0,GENESIS RIVER,IMO9478937,H3UA,80,0.0,189.0,32.0,12.6,,A
356144000,2019-05-10T19:48:56,29.67776,-94.97982,9.3,162.2,161.0,GENESIS RIVER,IMO9478937,H3UA,80,0.0,189.0,32.0,12.6,,A
356144000,2019-05-10T19:52:16,29.66905,-94.9765,10.4,159.4,160.0,GENESIS RIVER,IMO9478937,H3UA,80,0.0,189.0,32.0,12.6,,A
356144000,2019-05-10T19:54:16,29.66344,-94.97441,10.8,162.3,161.0,GENESIS RIVER,IMO9478937,H3UA,80,0.0,189.0,32.0,12.6,,A
356144000,2019-05-10T19:55:37,29.65955,-94.97297,11.0,162.1,161.0,GENESIS RIVER,IMO9478937,H3UA,80,0.0,189.0,32.0,12.6,,A
356144000,2019-05-10T19:58:57,29.64981,-94.96935,11.0,166.2,165.0,GENESIS RIVER,IMO9478937,H3UA,80,0.0,189.0,32.0,12.6,,A
356144000,2019-05-10T20:00:07,29.64636,-94.96824,10.7,160.0,158.0,GENESIS RIVER,IMO9478937,H3UA,80,0.0,189.0,32.0,12.6,,A
356144000,2019-05-10T20:01:08,29.64357,-94.967,10.8,158.1,159.0,GENESIS RIVER,IMO9478937,H3UA,80,0.0,189.0,32.0,12.6,,A
356144000,2019-05-10T20:02:18,29.64027,-94.96568,10.9,162.0,161.0,GENESIS RIVER,IMO9478937,H3UA,80,0.0,189.0,32.0,12.6,,A
356144000,2019-05-10T20:03:27,29.63694,-94.96444,11.0,161.2,161.0,GENESIS RIVER,IMO9478937,H3UA,80,0.0,189.0,32.0,12.6,,A
356144000,2019-05-10T20:04:38,29.63348,-94.96314,11.3,161.9,160.0,GENESIS RIVER,IMO9478937,H3UA,80,0.0,189.0,32.0,12.6,,A
356144000,2019-05-10T20:05:48,29.62994,-94.96174,11.4,160.8,160.0,GENESIS RIVER,IMO9478937,H3UA,80,0.0,189.0,32.0,12.6,,A
356144000,2019-05-10T20:06:57,29.62643,-94.96033,11.5,161.6,161.0,GENESIS RIVER,IMO9478937,H3UA,80,0.0,189.0,32.0,12.6,,A
356144000,2019-05-10T20:08:07,29.62296,-94.95903,11.6,162.1,161.0,GENESIS RIVER,IMO9478937,H3UA,80,0.0,189.0,32.0,12.6,,A
356144000,2019-05-10T20:09:17,29.6193,-94.95764,11.8,161.3,161.0,GENESIS RIVER,IMO9478937,H3UA,80,0.0,189.0,32.0,12.6,,A
356144000,2019-05-10T20:10:28,29.61558,-94.95629,11.9,165.4,165.0,GENESIS RIVER,IMO9478937,H3UA,80,0.0,189.0,32.0,12.6,,A
356144000,2019-05-10T20:13:08,29.60704,-94.95332,11.1,149.7,143.0,GENESIS RIVER,IMO9478937,H3UA,80,0.0,189.0,32.0,12.6,,A
356144000,2019-05-10T20:11:36,29.61189,-94.95525,12.3,166.1,165.0,GENESIS RIVER,IMO9478937,H3UA,80,0.0,189.0,32.0,12.6,,A
356144000,2019-05-10T20:14:36,29.60387,-94.95002,10.5,130.6,134.0,GENESIS RIVER,IMO9478937,H3UA,80,0.0,189.0,32.0,12.6,,A
356144000,2019-05-10T20:16:08,29.60081,-94.94675,9.0,150.8,165.0,GENESIS RIVER,IMO9478937,H3UA,80,0.0,189.0,32.0,12.6,,A
356144000,2019-05-10T20:17:27,29.59889,-94.94626,3.0,182.8,193.0,GENESIS RIVER,IMO9478937,H3UA,80,0.0,189.0,32.0,12.6,,A
356144000,2019-05-10T20:18:36,29.59879,-94.94623,0.2,292.5,194.0,GENESIS RIVER,IMO9478937,H3UA,80,0.0,189.0,32.0,12.6,,A
356144000,2019-05-10T20:20:27,29.59888,-94.94628,0.3,344.8,192.0,GENESIS RIVER,IMO9478937,H3UA,80,0.0,189.0,32.0,12.6,,A
356144000,2019-05-10T20:21:36,29.59899,-94.94631,0.5,346.4,190.0,GENESIS RIVER,IMO9478937,H3UA,80,0.0,189.0,32.0,12.6,,A
356144000,2019-05-10T20:24:28,29.60019,-94.94649,2.5,355.9,183.0,GENESIS RIVER,IMO9478937,H3UA,80,0.0,189.0,32.0,12.6,,A
356144000,2019-05-10T20:22:38,29.59922,-94.94635,1.2,352.2,187.0,GENESIS RIVER,IMO9478937,H3UA,80,0.0,189.0,32.0,12.6,,A
356144000,2019-05-10T20:26:38,29.60061,-94.94655,0.1,276.6,199.0,GENESIS RIVER,IMO9478937,H3UA,80,0.0,189.0,32.0,12.6,,A
356144000,2019-05-10T20:28:57,29.60062,-94.9466,0.0,268.6,205.0,GENESIS RIVER,IMO9478937,H3UA,80,0.0,189.0,32.0,12.6,,A
356144000,2019-05-10T20:30:08,29.60061,-94.94662,0.0,268.6,206.0,GENESIS RIVER,IMO9478937,H3UA,80,0.0,189.0,32.0,12.6,,A
356144000,2019-05-10T20:32:28,29.60062,-94.94659,0.0,276.2,207.0,GENESIS RIVER,IMO9478937,H3UA,80,0.0,189.0,32.0,12.6,,A
356144000,2019-05-10T20:34:17,29.60062,-94.94659,0.0,276.2,207.0,GENESIS RIVER,IMO9478937,H3UA,80,0.0,189.0,32.0,12.6,,A
356144000,2019-05-10T20:35:28,29.60061,-94.9466,0.0,276.2,207.0,GENESIS RIVER,IMO9478937,H3UA,80,0.0,189.0,32.0,12.6,,A
356144000,2019-05-10T20:37:38,29.6006,-94.94658,0.0,276.2,207.0,GENESIS RIVER,IMO9478937,H3UA,80,0.0,189.0,32.0,12.6,,A
356144000,2019-05-10T20:40:28,29.60062,-94.94656,0.0,276.2,207.0,GENESIS RIVER,IMO9478937,H3UA,80,0.0,189.0,32.0,12.6,,A
356144000,2019-05-10T20:42:18,29.60062,-94.94657,0.0,276.2,207.0,GENESIS RIVER,IMO9478937,H3UA,80,0.0,189.0,32.0,12.6,,A
356144000,2019-05-10T20:45:17,29.60062,-94.94658,0.0,276.2,207.0,GENESIS RIVER,IMO9478937,H3UA,80,0.0,189.0,32.0,12.6,,A
356144000,2019-05-10T20:46:57,29.60061,-94.9466,0.0,276.2,207.0,GENESIS RIVER,IMO9478937,H3UA,80,0.0,189.0,32.0,12.6,,A
356144000,2019-05-10T20:48:17,29.60062,-94.94658,0.0,276.2,207.0,GENESIS RIVER,IMO9478937,H3UA,80,0.0,189.0,32.0,12.6,,A
356144000,2019-05-10T20:49:57,29.60063,-94.94658,0.0,276.2,207.0,GENESIS RIVER,IMO9478937,H3UA,80,0.0,189.0,32.0,12.6,,A
356144000,2019-05-10T20:51:17,29.60062,-94.94659,0.0,276.2,207.0,GENESIS RIVER,IMO9478937,H3UA,80,0.0,189.0,32.0,12.6,,A
356144000,2019-05-10T20:52:18,29.60061,-94.94659,0.0,276.2,207.0,GENESIS RIVER,IMO9478937,H3UA,80,0.0,189.0,32.0,12.6,,A
356144000,2019-05-10T20:58:17,29.60063,-94.9466,0.1,270.0,209.0,GENESIS RIVER,IMO9478937,H3UA,80,0.0,189.0,32.0,12.6,,A
356144000,2019-05-10T20:59:58,29.60063,-94.94661,0.0,264.8,210.0,GENESIS RIVER,IMO9478937,H3UA,80,0.0,189.0,32.0,12.6,,A
356144000,2019-05-10T20:55:08,29.60062,-94.9466,0.0,276.2,206.0,GENESIS RIVER,IMO9478937,H3UA,80,0.0,189.0,32.0,12.6,,A
356144000,2019-05-10T21:00:07,29.60063,-94.94661,0.1,268.0,210.0,GENESIS RIVER,IMO9478937,H3UA,80,0.0,189.0,32.0,12.6,,A
356144000,2019-05-10T21:01:17,29.60064,-94.9466,0.0,267.8,210.0,GENESIS RIVER,IMO9478937,H3UA,80,0.0,189.0,32.0,12.6,,A
356144000,2019-05-10T21:02:28,29.60063,-94.9466,0.0,263.0,211.0,GENESIS RIVER,IMO9478937,H3UA,80,0.0,189.0,32.0,12.6,,A
356144000,2019-05-10T21:03:38,29.60063,-94.94661,0.0,263.0,211.0,GENESIS RIVER,IMO9478937,H3UA,80,0.0,189.0,32.0,12.6,,A
356144000,2019-05-10T21:04:58,29.60062,-94.94662,0.0,263.0,211.0,GENESIS RIVER,IMO9478937,H3UA,80,0.0,189.0,32.0,12.6,,A
356144000,2019-05-10T21:06:07,29.60062,-94.9466,0.1,261.9,211.0,GENESIS RIVER,IMO9478937,H3UA,80,0.0,189.0,32.0,12.6,,A
356144000,2019-05-10T21:07:18,29.60063,-94.9466,0.0,254.0,211.0,GENESIS RIVER,IMO9478937,H3UA,80,0.0,189.0,32.0,12.6,,A
356144000,2019-05-10T21:08:28,29.60062,-94.94658,0.1,145.3,207.0,GENESIS RIVER,IMO9478937,H3UA,80,2.0,189.0,32.0,12.6,,A
356144000,2019-05-10T21:09:37,29.60059,-94.94656,0.2,146.9,200.0,GENESIS RIVER,IMO9478937,H3UA,80,2.0,189.0,32.0,12.6,,A
356144000,2019-05-10T21:10:48,29.60055,-94.94654,0.2,166.1,192.0,GENESIS RIVER,IMO9478937,H3UA,80,2.0,189.0,32.0,12.6,,A
356144000,2019-05-10T21:12:08,29.60051,-94.9465,0.2,169.9,183.0,GENESIS RIVER,IMO9478937,H3UA,80,2.0,189.0,32.0,12.6,,A
356144000,2019-05-10T21:13:19,29.60044,-94.94648,0.3,180.3,172.0,GENESIS RIVER,IMO9478937,H3UA,80,2.0,189.0,32.0,12.6,,A
356144000,2019-05-10T21:14:58,29.60024,-94.94668,1.0,228.0,144.0,GENESIS RIVER,IMO9478937,H3UA,80,2.0,189.0,32.0,12.6,,A
356144000,2019-05-10T21:16:08,29.60018,-94.94687,0.6,276.0,137.0,GENESIS RIVER,IMO9478937,H3UA,80,2.0,189.0,32.0,12.6,,A
356144000,2019-05-10T21:18:28,29.60081,-94.94774,2.3,323.6,140.0,GENESIS RIVER,IMO9478937,H3UA,80,2.0,189.0,32.0,12.6,,A
356144000,2019-05-10T21:17:17,29.60033,-94.94722,1.5,305.0,133.0,GENESIS RIVER,IMO9478937,H3UA,80,2.0,189.0,32.0,12.6,,A
356144000,2019-05-10T21:19:37,29.6015,-94.94822,2.6,326.9,149.0,GENESIS RIVER,IMO9478937,H3UA,80,2.0,189.0,32.0,12.6,,A
356144000,2019-05-10T21:21:17,29.60244,-94.94898,2.3,320.5,144.0,GENESIS RIVER,IMO9478937,H3UA,80,2.0,189.0,32.0,12.6,,A
356144000,2019-05-10T21:22:28,29.603,-94.94954,2.1,319.5,137.0,GENESIS RIVER,IMO9478937,H3UA,80,2.0,189.0,32.0,12.6,,A
356144000,2019-05-10T21:23:37,29.60357,-94.95004,2.3,323.3,138.0,GENESIS RIVER,IMO9478937,H3UA,80,2.0,189.0,32.0,12.6,,A
356144000,2019-05-10T21:25:17,29.6045,-94.95079,2.4,324.8,142.0,GENESIS RIVER,IMO9478937,H3UA,80,2.0,189.0,32.0,12.6,,A
356144000,2019-05-10T21:27:48,29.60602,-94.95186,2.8,328.3,148.0,GENESIS RIVER,IMO9478937,H3UA,80,2.0,189.0,32.0,12.6,,A
356144000,2019-05-10T21:29:08,29.607,-94.95245,3.0,333.7,152.0,GENESIS RIVER,IMO9478937,H3UA,80,2.0,189.0,32.0,12.6,,A
356144000,2019-05-10T21:31:07,29.60856,-94.9533,3.2,334.9,155.0,GENESIS RIVER,IMO9478937,H3UA,80,2.0,189.0,32.0,12.6,,A
356144000,2019-05-10T21:32:38,29.60986,-94.95395,3.3,338.0,157.0,GENESIS RIVER,IMO9478937,H3UA,80,2.0,189.0,32.0,12.6,,A
356144000,2019-05-10T21:34:07,29.6111,-94.95457,3.2,333.9,157.0,GENESIS RIVER,IMO9478937,H3UA,80,2.0,189.0,32.0,12.6,,A
356144000,2019-05-10T21:35:18,29.61206,-94.95506,3.2,339.5,158.0,GENESIS RIVER,IMO9478937,H3UA,80,2.0,189.0,32.0,12.6,,A
356144000,2019-05-10T21:37:07,29.61376,-94.95561,3.4,344.0,164.0,GENESIS RIVER,IMO9478937,H3UA,80,2.0,189.0,32.0,12.6,,A
356144000,2019-05-10T21:39:38,29.6157,-94.95618,2.0,353.5,178.0,GENESIS RIVER,IMO9478937,H3UA,80,2.0,189.0,32.0,12.6,,A
356144000,2019-05-10T21:42:38,29.61631,-94.95607,0.6,224.2,220.0,GENESIS RIVER,IMO9478937,H3UA,80,2.0,189.0,32.0,12.6,,A
356144000,2019-05-10T21:44:38,29.61583,-94.95674,2.4,234.7,240.0,GENESIS RIVER,IMO9478937,H3UA,80,2.0,189.0,32.0,12.6,,A
356144000,2019-05-10T21:45:39,29.61544,-94.95749,3.1,240.9,247.0,GENESIS RIVER,IMO9478937,H3UA,80,2.0,189.0,32.0,12.6,,A
356144000,2019-05-10T21:48:07,29.6146,-94.9601,3.9,259.9,266.0,GENESIS RIVER,IMO9478937,H3UA,80,2.0,189.0,32.0,12.6,,A
356144000,2019-05-10T21:49:17,29.6145,-94.96166,4.2,263.4,266.0,GENESIS RIVER,IMO9478937,H3UA,80,2.0,189.0,32.0,12.6,,A
356144000,2019-05-10T21:50:27,29.61436,-94.96318,4.3,264.4,266.0,GENESIS RIVER,IMO9478937,H3UA,80,2.0,189.0,32.0,12.6,,A
356144000,2019-05-10T21:53:38,29.61414,-94.96764,4.5,268.2,269.0,GENESIS RIVER,IMO9478937,H3UA,80,2.0,189.0,32.0,12.6,,A
356144000,2019-05-10T21:55:17,29.61407,-94.97002,4.6,266.4,270.0,GENESIS RIVER,IMO9478937,H3UA,80,2.0,189.0,32.0,12.6,,A
356144000,2019-05-10T21:56:48,29.61402,-94.97223,4.7,269.9,271.0,GENESIS RIVER,IMO9478937,H3UA,80,2.0,189.0,32.0,12.6,,A
356144000,2019-05-10T21:58:18,29.61402,-94.97446,4.6,269.6,271.0,GENESIS RIVER,IMO9478937,H3UA,80,2.0,189.0,32.0,12.6,,A
356144000,2019-05-10T21:59:38,29.61406,-94.97647,4.7,269.9,270.0,GENESIS RIVER,IMO9478937,H3UA,80,2.0,189.0,32.0,12.6,,A
356144000,2019-05-10T22:00:08,29.61408,-94.97725,4.8,270.3,270.0,GENESIS RIVER,IMO9478937,H3UA,80,2.0,189.0,32.0,12.6,,A
356144000,2019-05-10T22:01:17,29.6141,-94.97901,4.8,270.9,270.0,GENESIS RIVER,IMO9478937,H3UA,80,2.0,189.0,32.0,12.6,,A
356144000,2019-05-10T22:02:28,29.6141,-94.98075,4.6,268.8,269.0,GENESIS RIVER,IMO9478937,H3UA,80,2.0,189.0,32.0,12.6,,A
356144000,2019-05-10T22:03:37,29.61403,-94.98234,4.3,268.6,269.0,GENESIS RIVER,IMO9478937,H3UA,80,2.0,189.0,32.0,12.6,,A
356144000,2019-05-10T22:04:47,29.61402,-94.98391,4.2,268.5,269.0,GENESIS RIVER,IMO9478937,H3UA,80,2.0,189.0,32.0,12.6,,A
356144000,2019-05-10T22:05:58,29.61402,-94.98544,3.9,269.3,269.0,GENESIS RIVER,IMO9478937,H3UA,80,2.0,189.0,32.0,12.6,,A
356144000,2019-05-10T22:09:38,29.61396,-94.98901,2.6,266.0,267.0,GENESIS RIVER,IMO9478937,H3UA,80,2.0,189.0,32.0,12.6,,A
356144000,2019-05-10T22:07:07,29.61401,-94.98676,3.4,267.2,268.0,GENESIS RIVER,IMO9478937,H3UA,80,2.0,189.0,32.0,12.6,,A
356144000,2019-05-10T22:10:48,29.6139,-94.98995,2.6,267.1,267.0,GENESIS RIVER,IMO9478937,H3UA,80,2.0,189.0,32.0,12.6,,A
356144000,2019-05-10T22:12:07,29.61386,-94.99106,2.7,267.4,267.0,GENESIS RIVER,IMO9478937,H3UA,80,2.0,189.0,32.0,12.6,,A
356144000,2019-05-10T22:08:08,29.61398,-94.98774,2.9,268.9,268.0,GENESIS RIVER,IMO9478937,H3UA,80,2.0,189.0,32.0,12.6,,A
356144000,2019-05-10T22:13:38,29.61379,-94.9923,2.6,267.2,267.0,GENESIS RIVER,IMO9478937,H3UA,80,2.0,189.0,32.0,12.6,,A
356144000,2019-05-10T22:15:18,29.61372,-94.99361,2.5,266.9,267.0,GENESIS RIVER,IMO9478937,H3UA,80,2.0,189.0,32.0,12.6,,A
356144000,2019-05-10T22:16:28,29.61367,-94.99456,2.8,266.7,267.0,GENESIS RIVER,IMO9478937,H3UA,80,2.0,189.0,32.0,12.6,,A
356144000,2019-05-10T22:17:58,29.61361,-94.99595,3.1,265.7,267.0,GENESIS RIVER,IMO9478937,H3UA,80,2.0,189.0,32.0,12.6,,A
356144000,2019-05-10T22:19:48,29.61353,-94.99789,3.5,267.4,267.0,GENESIS RIVER,IMO9478937,H3UA,80,2.0,189.0,32.0,12.6,,A
356144000,2019-05-10T22:20:57,29.61349,-94.99914,3.3,267.3,266.0,GENESIS RIVER,IMO9478937,H3UA,80,2.0,189.0,32.0,12.6,,A
356144000,2019-05-10T22:22:17,29.61344,-95.00047,3.1,266.4,266.0,GENESIS RIVER,IMO9478937,H3UA,80,2.0,189.0,32.0,12.6,,A
356144000,2019-05-10T22:23:28,29.61338,-95.00162,2.9,267.6,266.0,GENESIS RIVER,IMO9478937,H3UA,80,2.0,189.0,32.0,12.6,,A
356144000,2019-05-10T22:24:38,29.61331,-95.00262,2.6,264.9,265.0,GENESIS RIVER,IMO9478937,H3UA,80,2.0,189.0,32.0,12.6,,A
356144000,2019-05-10T22:26:57,29.6132,-95.0042,1.8,263.5,265.0,GENESIS RIVER,IMO9478937,H3UA,80,2.0,189.0,32.0,12.6,,A
356144000,2019-05-10T22:27:58,29.61319,-95.00475,1.6,261.7,266.0,GENESIS RIVER,IMO9478937,H3UA,80,2.0,189.0,32.0,12.6,,A
356144000,2019-05-10T22:29:27,29.61314,-95.00544,1.2,261.1,264.0,GENESIS RIVER,IMO9478937,H3UA,80,2.0,189.0,32.0,12.6,,A
356144000,2019-05-10T22:30:37,29.61306,-95.00586,1.2,262.1,263.0,GENESIS RIVER,IMO9478937,H3UA,80,2.0,189.0,32.0,12.6,,A
356144000,2019-05-10T22:32:07,29.61297,-95.00638,1.2,257.8,265.0,GENESIS RIVER,IMO9478937,H3UA,80,2.0,189.0,32.0,12.6,,A
356144000,2019-05-10T22:33:27,29.61294,-95.00689,1.2,257.9,269.0,GENESIS RIVER,IMO9478937,H3UA,80,2.0,189.0,32.0,12.6,,A
356144000,2019-05-10T22:35:48,29.61265,-95.00718,0.3,216.9,268.0,GENESIS RIVER,IMO9478937,H3UA,80,2.0,189.0,32.0,12.6,,A
356144000,2019-05-10T22:36:58,29.61275,-95.00733,0.2,239.0,266.0,GENESIS RIVER,IMO9478937,H3UA,80,2.0,189.0,32.0,12.6,,A
356144000,2019-05-10T22:38:08,29.61269,-95.0073,0.2,196.7,268.0,GENESIS RIVER,IMO9478937,H3UA,80,2.0,189.0,32.0,12.6,,A
356144000,2019-05-10T22:42:38,29.6126,-95.00731,0.1,301.5,268.0,GENESIS RIVER,IMO9478937,H3UA,80,2.0,189.0,32.0,12.6,,A
356144000,2019-05-10T22:40:27,29.61267,-95.00733,0.1,68.0,268.0,GENESIS RIVER,IMO9478937,H3UA,80,2.0,189.0,32.0,12.6,,A
356144000,2019-05-10T22:44:17,29.61261,-95.00735,0.1,288.8,268.0,GENESIS RIVER,IMO9478937,H3UA,80,2.0,189.0,32.0,12.6,,A
356144000,2019-05-10T22:39:17,29.61275,-95.00736,0.1,91.0,268.0,GENESIS RIVER,IMO9478937,H3UA,80,2.0,189.0,32.0,12.6,,A
356144000,2019-05-10T22:45:47,29.61251,-95.00731,0.1,346.4,268.0,GENESIS RIVER,IMO9478937,H3UA,80,2.0,189.0,32.0,12.6,,A
356144000,2019-05-10T22:47:17,29.61271,-95.0073,0.1,73.4,268.0,GENESIS RIVER,IMO9478937,H3UA,80,2.0,189.0,32.0,12.6,,A
356144000,2019-05-10T22:48:47,29.61258,-95.00729,0.0,280.4,268.0,GENESIS RIVER,IMO9478937,H3UA,80,2.0,189.0,32.0,12.6,,A
356144000,2019-05-10T22:49:57,29.61259,-95.00732,0.0,280.4,268.0,GENESIS RIVER,IMO9478937,H3UA,80,2.0,189.0,32.0,12.6,,A
356144000,2019-05-10T22:51:08,29.61276,-95.00727,0.0,280.4,268.0,GENESIS RIVER,IMO9478937,H3UA,80,2.0,189.0,32.0,12.6,,A
356144000,2019-05-10T22:52:28,29.61275,-95.00721,0.0,304.9,268.0,GENESIS RIVER,IMO9478937,H3UA,80,2.0,189.0,32.0,12.6,,A
356144000,2019-05-10T22:55:48,29.61267,-95.00721,0.0,350.4,268.0,GENESIS RIVER,IMO9478937,H3UA,80,2.0,189.0,32.0,12.6,,A
356144000,2019-05-10T22:54:28,29.61266,-95.00732,0.0,350.4,268.0,GENESIS RIVER,IMO9478937,H3UA,80,2.0,189.0,32.0,12.6,,A
356144000,2019-05-10T22:57:47,29.61266,-95.00737,0.0,232.6,268.0,GENESIS RIVER,IMO9478937,H3UA,80,2.0,189.0,32.0,12.6,,A
356144000,2019-05-10T22:58:57,29.61269,-95.00747,0.0,341.9,268.0,GENESIS RIVER,IMO9478937,H3UA,80,2.0,189.0,32.0,12.6,,A
356144000,2019-05-10T22:59:58,29.61269,-95.00744,0.0,341.9,268.0,GENESIS RIVER,IMO9478937,H3UA,80,2.0,189.0,32.0,12.6,,A
356144000,2019-05-10T23:00:07,29.61269,-95.00744,0.0,341.9,268.0,GENESIS RIVER,IMO9478937,H3UA,80,2.0,189.0,32.0,12.6,,A
356144000,2019-05-10T23:01:18,29.61257,-95.00736,0.0,341.9,268.0,GENESIS RIVER,IMO9478937,H3UA,80,2.0,189.0,32.0,12.6,,A
356144000,2019-05-10T23:02:28,29.61262,-95.00738,0.0,341.9,268.0,GENESIS RIVER,IMO9478937,H3UA,80,2.0,189.0,32.0,12.6,,A
356144000,2019-05-10T23:03:37,29.61259,-95.00731,0.0,341.9,268.0,GENESIS RIVER,IMO9478937,H3UA,80,2.0,189.0,32.0,12.6,,A
356144000,2019-05-10T23:05:47,29.61258,-95.00727,0.0,341.9,268.0,GENESIS RIVER,IMO9478937,H3UA,80,2.0,189.0,32.0,12.6,,A
356144000,2019-05-10T23:04:38,29.61256,-95.00728,0.0,341.9,268.0,GENESIS RIVER,IMO9478937,H3UA,80,2.0,189.0,32.0,12.6,,A
356144000,2019-05-10T23:06:57,29.61257,-95.0073,0.0,309.0,268.0,GENESIS RIVER,IMO9478937,H3UA,80,2.0,189.0,32.0,12.6,,A
356144000,2019-05-10T23:08:07,29.61257,-95.00728,0.0,309.0,268.0,GENESIS RIVER,IMO9478937,H3UA,80,2.0,189.0,32.0,12.6,,A
356144000,2019-05-10T23:09:18,29.61259,-95.00731,0.0,309.0,268.0,GENESIS RIVER,IMO9478937,H3UA,80,2.0,189.0,32.0,12.6,,A
356144000,2019-05-10T23:10:28,29.61257,-95.00723,0.0,309.0,268.0,GENESIS RIVER,IMO9478937,H3UA,80,2.0,189.0,32.0,12.6,,A
356144000,2019-05-10T23:11:47,29.61265,-95.0074,0.0,309.0,268.0,GENESIS RIVER,IMO9478937,H3UA,80,2.0,189.0,32.0,12.6,,A
356144000,2019-05-10T23:12:57,29.61259,-95.0074,0.0,309.0,268.0,GENESIS RIVER,IMO9478937,H3UA,80,2.0,189.0,32.0,12.6,,A
356144000,2019-05-10T23:14:18,29.6127,-95.00739,0.0,309.0,268.0,GENESIS RIVER,IMO9478937,H3UA,80,2.0,189.0,32.0,12.6,,A
356144000,2019-05-10T23:15:38,29.61257,-95.00731,0.0,309.0,268.0,GENESIS RIVER,IMO9478937,H3UA,80,2.0,189.0,32.0,12.6,,A
356144000,2019-05-10T23:17:18,29.61258,-95.0072,0.1,280.5,268.0,GENESIS RIVER,IMO9478937,H3UA,80,2.0,189.0,32.0,12.6,,A
356144000,2019-05-10T23:18:38,29.61268,-95.00726,0.0,275.0,268.0,GENESIS RIVER,IMO9478937,H3UA,80,2.0,189.0,32.0,12.6,,A
356144000,2019-05-10T23:20:07,29.61261,-95.00724,0.1,272.7,268.0,GENESIS RIVER,IMO9478937,H3UA,80,2.0,189.0,32.0,12.6,,A
356144000,2019-05-10T23:21:28,29.61262,-95.00737,0.0,272.3,268.0,GENESIS RIVER,IMO9478937,H3UA,80,2.0,189.0,32.0,12.6,,A
356144000,2019-05-10T23:22:37,29.61262,-95.00737,0.0,272.8,268.0,GENESIS RIVER,IMO9478937,H3UA,80,2.0,189.0,32.0,12.6,,A
356144000,2019-05-10T23:23:47,29.61263,-95.00728,0.0,272.8,268.0,GENESIS RIVER,IMO9478937,H3UA,80,2.0,189.0,32.0,12.6,,A
356144000,2019-05-10T23:24:57,29.61257,-95.00721,0.0,272.8,268.0,GENESIS RIVER,IMO9478937,H3UA,80,2.0,189.0,32.0,12.6,,A
356144000,2019-05-10T23:26:38,29.61259,-95.00728,0.0,272.8,268.0,GENESIS RIVER,IMO9478937,H3UA,80,2.0,189.0,32.0,12.6,,A
356144000,2019-05-10T23:27:48,29.6126,-95.00728,0.0,272.8,268.0,GENESIS RIVER,IMO9478937,H3UA,80,2.0,189.0,32.0,12.6,,A
356144000,2019-05-10T23:29:07,29.61258,-95.00728,0.0,272.8,268.0,GENESIS RIVER,IMO9478937,H3UA,80,2.0,189.0,32.0,12.6,,A
356144000,2019-05-10T23:31:07,29.61259,-95.00729,0.1,261.3,268.0,GENESIS RIVER,IMO9478937,H3UA,80,2.0,189.0,32.0,12.6,,A
356144000,2019-05-10T23:32:28,29.61259,-95.0073,0.1,266.2,268.0,GENESIS RIVER,IMO9478937,H3UA,80,2.0,189.0,32.0,12.6,,A
356144000,2019-05-10T23:34:07,29.61257,-95.00726,0.0,266.6,268.0,GENESIS RIVER,IMO9478937,H3UA,80,2.0,189.0,32.0,12.6,,A
356144000,2019-05-10T23:35:47,29.61259,-95.00726,0.1,262.3,268.0,GENESIS RIVER,IMO9478937,H3UA,80,2.0,189.0,32.0,12.6,,A
356144000,2019-05-10T23:38:28,29.61257,-95.00728,0.1,258.6,268.0,GENESIS RIVER,IMO9478937,H3UA,80,2.0,189.0,32.0,12.6,,A
356144000,2019-05-10T23:37:17,29.61256,-95.00729,0.1,260.8,268.0,GENESIS RIVER,IMO9478937,H3UA,80,2.0,189.0,32.0,12.6,,A
356144000,2019-05-10T23:39:47,29.61258,-95.00733,0.1,261.4,268.0,GENESIS RIVER,IMO9478937,H3UA,80,2.0,189.0,32.0,12.6,,A
356144000,2019-05-10T23:41:17,29.6126,-95.00717,0.0,253.5,268.0,GENESIS RIVER,IMO9478937,H3UA,80,2.0,189.0,32.0,12.6,,A
356144000,2019-05-10T23:42:48,29.61282,-95.00756,0.0,287.4,268.0,GENESIS RIVER,IMO9478937,H3UA,80,2.0,189.0,32.0,12.6,,A
356144000,2019-05-10T23:44:48,29.61303,-95.00669,0.0,279.5,268.0,GENESIS RIVER,IMO9478937,H3UA,80,2.0,189.0,32.0,12.6,,A
356144000,2019-05-10T23:46:48,29.61272,-95.00733,0.0,41.1,268.0,GENESIS RIVER,IMO9478937,H3UA,80,2.0,189.0,32.0,12.6,,A
356144000,2019-05-10T23:48:48,29.61267,-95.00714,0.1,228.8,268.0,GENESIS RIVER,IMO9478937,H3UA,80,2.0,189.0,32.0,12.6,,A
356144000,2019-05-10T23:52:17,29.61267,-95.00719,0.1,246.5,268.0,GENESIS RIVER,IMO9478937,H3UA,80,2.0,189.0,32.0,12.6,,A
356144000,2019-05-10T23:54:17,29.61258,-95.0073,0.0,234.0,268.0,GENESIS RIVER,IMO9478937,H3UA,80,2.0,189.0,32.0,12.6,,A
356144000,2019-05-10T23:58:58,29.61262,-95.00728,0.0,193.7,268.0,GENESIS RIVER,IMO9478937,H3UA,80,2.0,189.0,32.0,12.6,,A
356144000,2019-05-10T23:57:17,29.61272,-95.0075,0.0,228.3,268.0,GENESIS RIVER,IMO9478937,H3UA,80,2.0,189.0,32.0,12.6,,A
